objectid,treelatitude,treelongitude,centerlatitude,centerlongitude,dbh,species,creationdate,roadsidebydate,roadsidebycoord,isatcorrectsideofroad,truetreelongitude,truetreelatitude
1,467361.2482770114,258740.03841943332,467357.28300707904,258740.30418429791,15,1,11/13/2021 12:43,N/W,N/W,True,258739.88837288463,467363.48700434976
2,467359.9460439315,258736.46880645974,467356.7653116255,258736.68205203902,10,1,11/13/2021 12:44,N/W,N/W,True,258736.32415087786,467362.10370030184
3,467357.23403594695,258730.8916775246,467355.9500552525,258730.97795219565,12,1,11/13/2021 12:45,N/W,N/W,True,258730.74452044925,467359.4240975432
4,467356.0801112626,258724.78195543296,467355.0741733618,258724.8496209492,17,1,11/13/2021 12:46,N/W,N/W,True,258724.62918620958,467358.35122896696
5,467355.53116368875,258720.0312484405,467354.39642263716,258720.10752722478,17,1,11/13/2021 12:47,N/W,N/W,True,258719.87858046702,467357.80228820146
6,467352.22054592276,258714.14086294686,467353.19367658155,258714.0400781011,13,1,11/13/2021 12:48,N/W,S/E,False,258713.9130674407,467354.4200312648
7,467352.0692240553,258708.5005936791,467351.8621253823,258708.52249285797,16,1,11/13/2021 12:49,N/W,N/W,True,258708.26294008282,467354.31669391453
8,467347.42735411454,258700.79345181357,467349.9341076626,258700.53326269914,9,1,11/13/2021 12:50,N/W,S/E,False,258700.5718716498,467349.5621354367
9,467346.6188471338,258698.47906107712,467348.9898785217,258698.07525272822,14,1,11/13/2021 12:51,N/W,S/E,False,258698.10508233457,467348.8147287677
10,467347.1880609218,258692.16836632136,467346.56042222556,258692.27585905397,12,1,11/13/2021 12:52,N/W,N/W,True,258691.79783389496,467349.35156056844
11,467341.1363543144,258685.53228415071,467343.2357883317,258685.08672573336,18,1,11/13/2021 12:52,N/W,S/E,False,258685.0563518606,467343.37890748103
12,467341.9507161667,258681.0992024435,467341.20197619265,258681.25881912987,13,1,11/13/2021 12:53,N/W,N/W,True,258680.63816697462,467344.11337029043
13,467339.58053351624,258673.3951731507,467337.2835270157,258673.88374886732,16,1,11/13/2021 12:54,N/W,N/W,True,258672.92498712183,467341.79108211293
14,467335.6077415336,258667.6105863839,467333.9115992386,258668.03097820864,15,1,11/13/2021 12:55,N/W,N/W,True,258667.07080156618,467337.7855951589
15,467333.0985283546,258662.9455648963,467331.04888400243,258663.4534472156,17,1,11/13/2021 12:56,N/W,N/W,True,258662.39808903172,467335.3079591049
16,467329.57698984764,258656.7567527515,467327.22526417003,258657.33939439573,12,1,11/13/2021 12:56,N/W,N/W,True,258656.22889870638,467331.707575473
17,467326.97520595556,258651.86981709057,467324.17663977866,258652.72167832288,14,1,11/13/2021 12:57,N/W,N/W,True,258651.22116838564,467329.1061707858
18,467322.0183162409,258648.14634300134,467320.8856461573,258648.49150823517,20,1,11/13/2021 12:58,N/W,N/W,True,258647.4686023753,467324.2423424646
19,467320.527819317,258641.31436653854,467316.30234221934,258642.60021398243,19,1,11/13/2021 13:02,N/W,N/W,True,258640.642227208,467322.7365644999
20,467316.1196241279,258636.84661063936,467312.64812496706,258637.9031362661,13,1,11/13/2021 13:03,N/W,N/W,True,258636.2027893301,467318.2350722328
21,467317.0258772908,258636.96914210636,467312.89862180327,258638.22512166307,13,1,11/13/2021 13:12,N/W,N/W,True,258636.32537744628,467319.1413426356
22,467313.055716206,258633.06378919585,467309.68203484983,258634.09055781318,14,1,11/13/2021 13:13,N/W,N/W,True,258632.4152289914,467315.1867079731
23,467309.8100672764,258627.98621964926,467305.92134755565,258629.13647468487,16,1,11/13/2021 13:14,N/W,N/W,True,258627.3451833292,467311.9772480341
24,467305.09919631534,258623.67923580756,467302.4034321061,258624.47681886473,20,1,11/13/2021 13:15,N/W,N/W,True,258623.01961385735,467307.32866348996
25,467300.4744640456,258617.58161252865,467297.7960330149,258618.3740683351,19,1,11/13/2021 13:16,N/W,N/W,True,258616.92660005263,467302.68834869
26,467297.8328703669,258614.99551811616,467295.3054756792,258616.25489401695,10,1,11/13/2021 13:17,N/W,N/W,True,258614.0310671681,467299.7683911286
27,467293.5490440845,258610.5652813621,467290.1150666825,258612.27606291906,20,0,11/13/2021 13:19,N/W,N/W,True,258609.52852014478,467295.63008977793
28,467279.5829650063,258602.62738994148,467278.2136595988,258603.34320357788,15,1,11/14/2021 14:33,N/W,N/W,True,258601.5879172838,467281.5714092867
29,467274.3911288817,258596.76423777494,467270.8716613717,258599.4133347926,9,1,11/14/2021 14:34,N/W,N/W,True,258595.4735284824,467276.1059054224
30,467270.3661791877,258595.13942881813,467267.15131011774,258597.55941742816,10,1,11/14/2021 14:35,N/W,N/W,True,258593.83889144135,467272.0938969834
31,467264.09901557217,258592.72714275104,467261.53017255454,258594.7582981696,13,1,11/14/2021 14:36,N/W,N/W,True,258591.3556562809,467265.83356203296
32,467258.1457822883,258589.83893489308,467255.4632197756,258592.40421937435,10,1,11/14/2021 14:36,N/W,N/W,True,258588.34436213603,467259.70868296456
33,467252.05591489305,258588.137738972,467249.8658645429,258590.23234644358,11,1,11/14/2021 14:38,N/W,N/W,True,258586.6318214701,467253.6304510279
34,467248.867331833,258585.9490048918,467245.9691513171,258588.72034943238,21,0,11/14/2021 14:39,N/W,N/W,True,258584.33093238363,467250.5594585779
35,467243.0879527177,258584.30192015338,467240.8288765443,258586.97634474153,17,0,11/14/2021 14:40,N/W,N/W,True,258582.56301283778,467244.55680104555
36,467238.75573186646,258583.57428869768,467236.9091001334,258585.7607658242,13,1,11/14/2021 14:41,N/W,N/W,True,258581.88493162932,467240.18251119705
37,467232.977303596,258581.1720710957,467230.7220056341,258583.84205462487,8,1,11/14/2021 14:41,N/W,N/W,True,258579.54488122,467234.3517682585
38,467227.89322038775,258581.53199284605,467227.0999143783,258582.77033696446,14,1,11/14/2021 14:42,N/W,N/W,True,258579.65636009377,467229.0947852127
39,467220.58985621564,258580.50137424542,467220.16618379223,258581.16378745614,12,1,11/14/2021 14:43,N/W,N/W,True,258578.6522438197,467221.7725403107
40,467215.14225519315,258579.2309294042,467214.7139954551,258579.9005085988,18,0,11/14/2021 14:44,N/W,N/W,True,258577.29966747877,467216.37748133653
41,467203.1129113963,258578.3907372841,467203.00579708966,258579.1607749211,15,1,11/14/2021 14:46,N/W,N/W,True,258576.16838503798,467203.4220465717
42,467195.6459871392,258577.95102278213,467195.80629648204,258578.9402162518,15,1,11/14/2021 14:47,N/W,N/W,True,258575.736169354,467195.28704653913
43,467190.5299570144,258578.96670830256,467190.5887577583,258579.32428896453,14,1,11/14/2021 14:47,N/W,N/W,True,258576.76872752502,467190.16851994995
44,467184.0365830315,258578.9927934538,467184.16715115076,258579.7969961022,18,1,11/14/2021 14:48,N/W,N/W,True,258576.72992393552,467183.66918979096
45,467177.03928122605,258578.7637611074,467177.2880308823,258580.303382645,12,1,11/14/2021 14:49,N/W,N/W,True,258576.59686064647,467176.68918496434
46,467169.76967260725,258579.8292166369,467170.065006492,258581.02327645075,16,1,11/14/2021 14:49,N/W,N/W,True,258577.6353262648,467169.22704470967
47,467165.6168990905,258579.91484867732,467166.0601807704,258581.4721254884,14,1,11/14/2021 14:50,N/W,N/W,True,258577.77245385238,467165.00706250255
48,467159.0661710629,258580.6570339651,467159.52128120034,258582.25608411134,13,1,11/14/2021 14:51,N/W,N/W,True,258578.53024643142,467158.4608601106
49,467154.6483620116,258580.52319193032,467155.2856175992,258582.76390516042,20,0,11/14/2021 14:51,N/W,N/W,True,258578.28687316668,467154.01235620386
50,467147.7227843919,258581.0094792403,467147.93656271027,258583.27029809164,19,0,11/14/2021 14:52,N/W,N/W,True,258578.7109820342,467147.50544328685
51,467140.773256249,258582.32076184204,467140.8958846193,258583.61155175738,17,1,11/14/2021 14:53,N/W,N/W,True,258580.05471496336,467140.55797595246
52,467135.6638871069,258584.08261861192,467135.6448945229,258583.8660615997,14,1,11/14/2021 14:54,N/W,S/E,False,258581.86363616327,467135.4692768745
53,467123.74746612826,258584.70693624744,467123.78994063975,258584.89991811884,12,1,11/14/2021 15:01,N/W,N/W,True,258582.56324477488,467123.2756485041
54,467118.2669597359,258584.9502895523,467118.36546380253,258585.40625030524,12,1,11/14/2021 15:01,N/W,N/W,True,258582.8047857494,467117.8034530674
55,467113.8257233607,258585.0784146691,467114.0006615611,258585.8339310708,13,1,11/14/2021 15:02,N/W,N/W,True,258582.9241602353,467113.3269103727
56,467106.60172979627,258586.1969108265,467106.6870388644,258586.56242563136,14,1,11/14/2021 15:03,N/W,N/W,True,258584.02770879513,467106.0954504296
57,467100.9280479879,258586.35754923313,467101.10423506604,258587.11851807294,14,1,11/14/2021 15:04,N/W,N/W,True,258584.18745511028,467100.4256062022
58,467094.8424296144,258586.93603632879,467094.9597747483,258587.65752964054,13,1,11/14/2021 15:05,N/W,N/W,True,258584.75346506634,467094.48745180253
59,467089.30168236187,258586.9080202618,467089.48836082517,258588.06054800987,14,1,11/14/2021 15:05,N/W,N/W,True,258584.7091771523,467088.94552898215
60,467082.3144924299,258587.6943631494,467082.45797576295,258588.5783993748,15,1,11/14/2021 15:06,N/W,N/W,True,258585.47959517516,467081.955024931
61,467076.6926150041,258586.49874102813,467076.3415624306,258588.39770104794,13,1,11/14/2021 15:07,N/W,N/W,True,258584.3243344174,467077.0945882044
62,467069.8925273023,258586.92008919638,467069.6904989541,258588.0162487369,22,0,11/14/2021 15:08,N/W,N/W,True,258584.60163758826,467070.3198309306
63,467065.01719919586,258586.61957792664,467064.42883059685,258587.43931207,13,1,11/14/2021 15:09,N/W,N/W,True,258584.82316255153,467066.30658601236
64,467051.49626615405,258583.79432453017,467051.44072029216,258584.09791052315,15,1,11/14/2021 15:10,N/W,N/W,True,258581.5872135851,467051.90009203064
65,467045.78282582684,258582.9554646283,467045.63318519556,258583.76027982286,12,1,11/14/2021 15:10,N/W,N/W,True,258580.79744961672,467046.18406915676
66,467039.60898024694,258581.1221168575,467037.08238710253,258582.7637351348,20,0,11/14/2021 15:11,N/W,N/W,True,258579.85538092456,467041.5585968955
67,467033.22316373524,258579.15684643982,467032.11557338666,258579.8771036167,15,1,11/14/2021 15:12,N/W,N/W,True,258577.93364269464,467035.1041705561
68,467022.69872657175,258574.86444948384,467022.4205145817,258575.1487723966,12,1,11/14/2021 15:14,N/W,N/W,True,258573.29558191818,467024.2338746302
69,467016.30509865284,258568.10198927973,467012.81263699604,258571.6524481291,13,1,11/14/2021 15:14,N/W,N/W,True,258566.52557697566,467017.85576006334
70,467008.8413747806,258567.70841112756,467007.22813029704,258568.47972670358,11,1,11/14/2021 15:15,N/W,N/W,True,258566.76861162425,467010.80701168906
71,466924.4790162262,258464.12596996108,466923.5997235428,258464.2474374355,12,1,11/14/2021 15:34,N/W,N/W,True,258463.82560018686,466926.6533673935
72,466922.7558158905,258457.86594260423,466921.5414989497,258458.03354108537,10,1,11/14/2021 15:35,N/W,N/W,True,258457.5702798821,466924.89800864673
73,466920.548644732,258452.35755780517,466919.7002782627,258452.47476756736,16,1,11/14/2021 15:36,N/W,N/W,True,258452.0482556946,466922.78737924155
74,466920.9924639728,258446.90299727675,466918.5568729326,258446.94555143552,8,1,11/14/2021 15:36,N/W,N/W,True,258446.8657880223,466923.1221389413
75,466919.1670957498,258441.29195299948,466918.4912491184,258441.30394007696,13,1,11/14/2021 15:37,N/W,N/W,True,258441.25273958087,466921.377998025
76,466918.2846007255,258434.73067008247,466918.4147728459,258434.72865782288,14,1,11/14/2021 15:38,N/W,S/E,False,258434.69624049217,466920.5118346273
77,466920.0301761882,258429.7912854383,466918.23762961035,258429.8513534795,15,1,11/14/2021 15:39,N/W,N/W,True,258429.71613979858,466922.27266748034
78,466919.8328564684,258422.83813261587,466917.8627236883,258422.90412679932,10,1,11/14/2021 15:39,N/W,N/W,True,258422.76573525072,466921.9941442492
79,466918.3393816394,258416.49031383696,466917.5181052128,258416.5179843718,15,1,11/14/2021 15:40,N/W,N/W,True,258416.41476003808,466920.58185921697
80,466916.37406593224,258410.03630164993,466917.16692710406,258410.01012765378,12,1,11/14/2021 15:40,N/W,S/E,False,258409.96387958704,466918.56787085626
81,466919.067154767,258405.8650234301,466916.884714761,258405.95628998548,8,1,11/14/2021 15:41,N/W,N/W,True,258405.77602762528,466921.1952947405
82,466918.5263997084,258398.34298812674,466916.31292548665,258398.43554111943,14,1,11/14/2021 15:42,N/W,N/W,True,258398.24992998212,466920.75195501704
83,466915.9105439785,258393.30003536888,466915.92247224116,258393.29981944175,12,1,11/14/2021 15:42,N/W,S/E,False,258393.26030766944,466918.1051844297
84,466914.20977893315,258386.3520731472,466915.3905456492,258386.30315240205,12,1,11/14/2021 15:43,N/W,S/E,False,258386.26120931283,466916.4028974351
85,466917.74874643976,258380.31134504752,466914.9439318766,258380.42854155763,16,1,11/14/2021 15:43,N/W,N/W,True,258380.2169954229,466920.00677614467
86,466917.44636231713,258370.39421458106,466914.1914293495,258370.53016141034,17,1,11/14/2021 15:44,N/W,N/W,True,258370.29922662908,466919.7206295291
87,466919.56753555086,258366.76221406466,466913.9228915405,258366.9977650665,17,0,11/14/2021 15:45,N/W,N/W,True,258366.66730874698,466921.8418062127
88,466914.1912891664,258357.0503119238,466913.740418066,258357.05426437611,12,1,11/14/2021 15:46,N/W,N/W,True,258357.03107072724,466916.38620483136
89,466914.3608188384,258350.7676968985,466913.81845868134,258350.7724123951,17,0,11/14/2021 15:46,N/W,N/W,True,258350.7479070165,466916.63698280946
90,466913.9497092769,258343.32183087541,466913.900193539,258343.32355974615,17,0,11/14/2021 15:47,N/W,N/W,True,258343.242402686,466916.2245730586
91,466911.9288503659,258337.29578218985,466913.63204970927,258337.24557811962,16,1,11/14/2021 15:47,N/W,S/E,False,258337.22919459947,466914.1878692
92,466914.27002650395,258332.04005741124,466913.4035463499,258332.06598828657,18,1,11/14/2021 15:48,N/W,N/W,True,258331.97148119638,466916.5615006043
93,466913.4116341375,258314.18343563966,466912.6226301913,258314.19048037945,12,1,11/14/2021 15:49,N/W,N/W,True,258314.16383803487,466915.6065466492
94,466912.53222888114,258312.35668804526,466912.6436543689,258312.35596627137,19,0,11/14/2021 15:49,N/W,S/E,False,258312.341733114,466914.84093044535
95,466915.7171034783,258303.89994226932,466912.74027525185,258303.9258448845,17,0,11/14/2021 15:50,N/W,N/W,True,258303.8801364252,466917.99326731055
96,466914.6190667607,258294.40576711617,466912.84922825,258294.421252798,13,1,11/14/2021 15:51,N/W,N/W,True,258294.38641992543,466916.8302321206
97,466916.42486196605,258287.2229618533,466912.93140791263,258287.25330249846,17,1,11/14/2021 15:51,N/W,N/W,True,258287.20319336973,466918.701026123
98,466919.31043966574,258248.67408438097,466914.9112225959,258248.0229969485,22,1,11/14/2021 15:52,N/W,N/W,True,258249.01923648507,466921.6425366352
99,467355.9973493632,258734.7105992207,467356.47897914634,258734.67867657283,12,1,11/20/2021 11:01,S/E,S/E,True,258734.8557663326,467353.80715496326
100,467351.7029100542,258732.87093572132,467356.1778444501,258732.57172842414,10,1,11/20/2021 11:02,S/E,S/E,True,258733.01520471348,467349.5452278005
101,467353.2253600174,258722.54401624345,467354.7303008191,258722.44361388357,15,1,11/20/2021 11:04,S/E,S/E,True,258722.69337634873,467350.9865867771
102,467351.38117607293,258717.80799363233,467354.04236101836,258717.63021188971,12,1,11/20/2021 11:05,S/E,S/E,True,258717.9543055355,467349.1910578508
103,467349.79811283125,258712.08474181514,467352.65033457003,258711.7886203351,13,1,11/20/2021 11:07,S/E,S/E,True,258712.3130893851,467347.5986847352
104,467349.2736379331,258705.15441304966,467351.00595066336,258704.97472320267,12,1,11/20/2021 11:08,S/E,S/E,True,258705.38088156754,467347.0903521042
105,467347.21598973195,258699.56974582802,467349.4561246736,258699.18823381807,12,1,11/20/2021 11:09,S/E,S/E,True,258699.93826482762,467345.05214621936
106,467343.6595546024,258694.37738697312,467347.1888804309,258693.7760636984,12,1,11/20/2021 11:10,S/E,S/E,True,258694.74605627006,467341.495736692
107,467341.2133391084,258688.4157461364,467344.62020642374,258687.69238086493,12,1,11/20/2021 11:12,S/E,S/E,True,258688.87163789256,467339.06620434165
108,467341.0018562644,258680.11253164953,467340.6346818331,258680.19109366793,14,1,11/20/2021 11:14,S/E,N/W,False,258680.5785871603,467338.82365780906
109,467339.2571830656,258676.98532525203,467338.9647096446,258677.04797404248,12,1,11/20/2021 11:15,S/E,N/W,False,258677.44507260926,467337.1108705609
110,467335.5430746707,258671.86211744102,467336.142067763,258671.7353565799,12,1,11/20/2021 11:18,S/E,S/E,True,258672.31656581323,467333.3956339435
111,467331.6834185342,258666.80644308042,467332.95009437564,258666.4935167184,10,1,11/20/2021 11:20,S/E,S/E,True,258667.32508624872,467329.5840339782
112,467329.5831405436,258663.27471499628,467330.75589962135,258662.984959469,10,1,11/20/2021 11:20,S/E,S/E,True,258663.79341023634,467327.48376885237
113,467324.8254420126,258655.5105258209,467325.91347129527,258655.24180356401,10,1,11/20/2021 11:22,S/E,S/E,True,258656.02904113272,467322.7260258744
114,467321.0910282195,258653.62045137712,467324.1520462302,258652.69006635546,12,1,11/20/2021 11:23,S/E,S/E,True,258654.25877926106,467318.9908942922
115,467318.0326045632,258646.26916644303,467318.9420368236,258645.99323112558,11,1,11/20/2021 11:23,S/E,S/E,True,258646.90175446193,467315.9477103307
116,467315.3146077718,258643.11260345858,467316.4360943506,258642.7721367889,17,1,11/20/2021 11:25,S/E,S/E,True,258643.7738395707,467313.1365166657
117,467296.1233111383,258652.27115824632,467318.5255869668,258645.457934228,12,1,11/20/2021 11:25,S/E,S/E,True,258652.90984102426,467294.02328511246
118,467308.0041631727,258631.89358161838,467308.0035204406,258631.89441143328,12,1,11/20/2021 11:27,S/E,N/W,False,258633.62892176158,467306.66005767556
119,467305.3037000348,258627.29017545495,467304.6694854791,258627.4783218786,17,1,11/20/2021 11:29,S/E,N/W,False,258627.93756216997,467303.121452454
120,467301.19001412246,258622.64186550496,467301.049870732,258622.68395547295,12,1,11/20/2021 11:30,S/E,N/W,False,258623.27324022242,467299.0877793672
121,467296.5106075241,258615.78598894738,467295.40989086666,258616.33493584202,11,1,11/20/2021 11:31,S/E,N/W,False,258616.75835496315,467294.56087526196
122,467292.2938200272,258611.10382894045,467290.0466729605,258612.22363401647,15,1,11/20/2021 11:33,S/E,N/W,False,258612.10456932403,467290.2856037174
123,467289.74652516097,258609.51610466244,467287.78801861644,258610.49220546865,25,0,11/20/2021 11:35,S/E,N/W,False,258610.5894382879,467287.5929249216
124,467282.20691337297,258604.53195169574,467280.8297572405,258605.2518989354,17,0,11/20/2021 11:36,S/E,N/W,False,258605.5865148151,467280.1896849055
125,467273.1282116823,258601.1470725054,467273.6163742379,258600.78107206698,13,1,11/20/2021 11:40,S/E,S/E,True,258602.47354071916,467271.3590003777
126,467269.90252271836,258598.30178055816,467269.4008986811,258598.68042791027,9,1,11/20/2021 11:41,S/E,N/W,False,258599.59483381952,467268.18951299106
127,467262.8327515413,258595.0297907272,467262.5318360191,258595.25744658196,11,1,11/20/2021 11:42,S/E,N/W,False,258596.34430645575,467261.09522457403
128,467259.1872869207,258592.81400738843,467258.4180202602,258593.55073202762,11,1,11/20/2021 11:43,S/E,N/W,False,258594.32097445976,467257.6137552851
129,467252.34854880994,258590.79845131453,467252.05407617084,258591.08141196123,11,1,11/20/2021 11:45,S/E,N/W,False,258592.3080459069,467250.7775377568
130,467248.64034718106,258587.9777171553,467247.3174892007,258589.243529847,17,0,11/20/2021 11:46,S/E,N/W,False,258589.55141799344,467246.99572572473
131,467243.310536623,258586.48462102388,467242.4670159003,258587.48435462423,24,0,11/20/2021 11:47,S/E,N/W,False,258588.31128172425,467241.769299884
132,467235.81013589277,258585.24084992852,467235.6914213579,258585.38314571918,10,1,11/21/2021 11:57,S/E,N/W,False,258586.90135508394,467234.4248096211
133,467230.22661146405,258581.77926793252,467228.94925518223,258583.29229701392,8,1,11/21/2021 11:58,S/E,N/W,False,258583.4068174606,467228.8525726969
134,467223.8843530175,258582.75058402948,467224.2909166678,258582.1194911332,12,1,11/21/2021 12:00,S/E,S/E,True,258584.59582469796,467222.69560919504
135,467218.2980895909,258581.92852558603,467218.9685622967,258580.88629732712,11,1,11/21/2021 12:02,S/E,S/E,True,258583.76086817056,467217.11933083046
136,467212.95003582333,258580.15092081018,467213.03395451664,258579.56571895038,12,1,11/21/2021 12:03,S/E,S/E,True,258582.323694121,467212.6384573585
137,467214.52749133203,258582.2495105268,467215.86550927174,258580.16731605236,20,0,11/21/2021 12:04,S/E,S/E,True,258584.20547933254,467213.27058599313
138,467200.9030400281,258580.64730682076,467201.1246104553,258579.0848109937,10,1,11/21/2021 12:05,S/E,S/E,True,258582.788386709,467200.59942322655
139,467189.0633819354,258578.76658527245,467189.17111956823,258579.42864403856,15,1,11/21/2021 12:06,S/E,N/W,False,258580.98120371878,467189.423769504
140,467185.72855531203,258581.62020910432,467185.4221079633,258579.70461618903,13,1,11/21/2021 12:07,S/E,S/E,True,258583.80369565077,467186.07785899646
141,467180.6801327409,258582.57051837904,467180.2817968641,258580.08300510395,15,1,11/21/2021 12:08,S/E,S/E,True,258584.7860419036,467181.03491376434
142,467179.57551443786,258582.5424154024,467179.1945641865,258580.16303861464,12,1,11/21/2021 12:09,S/E,S/E,True,258584.70981205613,467179.9225255982
143,467174.38637128856,258581.67667937576,467174.12157216767,258580.59415316017,18,1,11/21/2021 12:10,S/E,S/E,True,258583.9035254021,467174.9310849977
144,467162.70058718615,258582.98297571318,467162.39771734166,258581.9112235973,13,1,11/21/2021 12:11,S/E,S/E,True,258585.11089101803,467163.3019215506
145,467155.07588553865,258583.25050008908,467154.9505598763,258582.80407584156,13,1,11/21/2021 12:12,S/E,S/E,True,258585.3794490483,467155.67355006956
146,467152.72463158634,258588.58932984137,467152.20670724055,258583.0633292783,12,1,11/21/2021 12:13,S/E,S/E,True,258590.77475204645,467152.92946025997
147,467143.59573017183,258587.76535648585,467143.19643021206,258583.50004687303,15,1,11/21/2021 12:15,S/E,S/E,True,258589.99933864223,467143.80486598285
148,467137.12854049134,258583.34047414782,467137.17235638906,258583.7920271375,13,1,11/21/2021 12:16,S/E,N/W,False,258585.54138701377,467137.34210340696
149,467133.2869579124,258586.59979980957,467132.7477927513,258584.06377499894,13,1,11/21/2021 12:18,S/E,S/E,True,258588.76270849217,467133.7467976598
150,467126.37873582996,258587.1191133298,467125.8658132068,258584.70615198524,12,1,11/21/2021 12:19,S/E,S/E,True,258589.2661415487,467126.83512911136
151,467115.1772721439,258588.243038519,467114.6110222239,258585.77313440447,17,1,11/21/2021 12:21,S/E,S/E,True,258590.46172792107,467115.68592860916
152,467108.94007439667,258587.42744117585,467108.69663825334,258586.36225350254,15,1,11/21/2021 12:22,S/E,S/E,True,258589.61479570606,467109.4399686071
153,467103.29985798226,258587.4856518537,467103.16956965916,258586.91279391982,14,1,11/21/2021 12:23,S/E,S/E,True,258589.65768378295,467103.79385550076
154,467097.6992907639,258589.65246221825,467097.35149381624,258587.48135841815,12,1,11/21/2021 12:25,S/E,S/E,True,258591.81982890397,467098.0464890497
155,467091.2543472163,258590.93147071975,467090.7787345301,258587.9655004388,15,1,11/21/2021 12:26,S/E,S/E,True,258593.1469172805,467091.6096085271
156,467084.9297482826,258590.19438564888,467084.64534066274,258588.4172800848,8,1,11/21/2021 12:27,S/E,S/E,True,258592.29762113403,467085.26634966995
157,467079.4221706854,258590.5285401072,467079.7824968981,258588.59504521766,19,0,11/21/2021 12:28,S/E,S/E,True,258592.79821353607,467078.9991942218
158,467070.2115016072,258589.77805498464,467070.53102370433,258588.0644546586,14,1,11/21/2021 12:29,S/E,S/E,True,258591.96781321414,467069.8031939458
159,467065.8935298039,258589.7840343124,467066.2595790483,258587.81947778148,11,1,11/21/2021 12:30,S/E,S/E,True,258591.92592093,467065.4944392378
160,467060.71446109493,258589.27491587357,467062.4160312564,258586.91264391923,15,1,11/21/2021 12:31,S/E,S/E,True,258591.0955276407,467059.403054653
161,467053.46716045734,258587.78479425807,467055.4147121048,258585.08067821246,14,1,11/21/2021 12:33,S/E,S/E,True,258589.59230058422,467052.16536280373
162,467050.4354408417,258586.822121118,467050.9534519181,258584.06958240975,21,0,11/21/2021 12:34,S/E,S/E,True,258589.1229809069,467050.0024329962
163,467035.6538750283,258584.91577622545,467038.0372321626,258583.3186747825,25,0,11/21/2021 12:36,S/E,S/E,True,258586.25527916252,467033.6549325719
164,467027.39228199515,258580.10285806123,467029.8075609872,258578.53572189226,18,1,11/21/2021 12:37,S/E,S/E,True,258581.3506788446,467025.46913365385
165,467022.23696171335,258579.0792386352,467025.1346093988,258576.13643370033,15,1,11/21/2021 12:38,S/E,S/E,True,258580.67802874642,467020.6627049863
166,467016.83713005926,258565.5532724019,467008.5292581638,258569.5217271898,16,1,11/21/2021 12:39,S/E,N/W,False,258566.5273877838,467014.797841158
167,467011.7278706256,258571.1516477515,467011.65221489326,258571.23016736144,15,1,11/21/2021 12:40,S/E,N/W,False,258572.7674111379,467010.17103963235
168,467006.12977335823,258568.3219901479,467006.69513558917,258568.0528808601,18,1,11/21/2021 12:41,S/E,S/E,True,258569.307282115,467004.05980814365
169,467002.49900287366,258565.7422805956,467003.32089861867,258565.3506391095,14,1,11/21/2021 12:43,S/E,S/E,True,258566.7004812591,467000.4881304912
170,466997.83548132546,258562.52762604613,466999.06423287623,258561.94170137972,17,1,11/21/2021 12:44,S/E,S/E,True,258563.50735930007,466995.78086778184
171,466991.7833460182,258558.42070755357,466993.3057377076,258557.51590664955,14,1,11/21/2021 12:47,S/E,S/E,True,258559.55875165382,466989.8685061095
172,466985.6284912117,258554.61531016088,466987.2425296076,258553.65594019069,14,1,11/21/2021 12:48,S/E,S/E,True,258555.75344263567,466983.7137038293
173,466984.80043067026,258550.83159733523,466983.77040557977,258551.4455073682,13,1,11/21/2021 12:50,S/E,N/W,False,258551.9637049636,466982.90096788295
174,466978.7996977656,258547.26787679203,466977.97793207265,258547.757878966,14,1,11/21/2021 12:52,S/E,N/W,False,258548.40867815647,466976.88649926655
175,466974.75805157126,258543.93252927184,466974.6552724952,258543.95866883622,13,1,11/21/2021 12:53,S/E,N/W,False,258544.47756052957,466972.6150239255
176,466969.97944535804,258538.56315134396,466970.9891537797,258538.23625171394,12,1,11/21/2021 12:55,S/E,S/E,True,258539.2392460813,466967.8911635509
177,466964.85219518235,258535.36292622623,466967.8007263434,258534.40700261743,14,1,11/21/2021 12:56,S/E,S/E,True,258536.04988845205,466962.7332711275
178,466962.7145912405,258530.8985324377,466964.4194151352,258530.3460939459,14,1,11/21/2021 12:57,S/E,S/E,True,258531.5851897569,466960.59556835814
179,466961.36666651524,258529.2383471426,466963.0443943481,258528.69470997519,8,1,11/21/2021 12:58,S/E,S/E,True,258529.89492580196,466959.34038803884
180,466959.695691428,258528.14986703702,466962.0789607367,258527.4466507285,14,1,11/21/2021 13:00,S/E,S/E,True,258528.78025258714,466957.55925273045
181,466955.4255888778,258520.80075800908,466956.76874218957,258520.40472282754,22,0,11/21/2021 13:02,S/E,S/E,True,258521.46749910933,466953.16433644714
182,466948.9933714199,258519.06354521157,466954.5257765995,258517.43029770872,12,1,11/21/2021 13:04,S/E,S/E,True,258519.68502565386,466946.88819041586
183,466944.5284209578,258514.7494961965,466951.05191825965,258512.82356006556,9,1,11/21/2021 13:05,S/E,S/E,True,258515.35720390637,466942.4700039928
184,466941.83756049443,258509.26554861615,466946.7841328301,258507.60840815498,11,1,11/21/2021 13:06,S/E,S/E,True,258509.95764249243,466939.77165690786
185,466937.6573786873,258502.54325108137,466941.35325554357,258501.30527299957,7,1,11/21/2021 13:07,S/E,S/E,True,258503.2146145961,466935.6530807819
186,466936.74296350084,258499.57653084508,466939.1649505386,258498.76549586235,9,1,11/21/2021 13:08,S/E,S/E,True,258500.25803673096,466934.70778813004
187,466933.6818197132,258498.1071785424,466937.6500431409,258497.00727110918,9,1,11/21/2021 13:09,S/E,S/E,True,258498.68045900372,466931.6135502493
188,466934.09727158194,258494.5504075085,466936.54704205436,258494.16181090014,17,0,11/21/2021 13:11,S/E,S/E,True,258494.90702060936,466931.8491298696
189,466925.65534276364,258483.74902812394,466932.11331075797,258482.72386494227,9,1,11/21/2021 13:12,S/E,S/E,True,258484.0855189273,466923.5356345286
190,466928.57524547155,258481.44354076203,466931.3110341971,258480.88941058255,9,1,11/21/2021 13:15,S/E,S/E,True,258481.86960862868,466926.4717114843
191,466923.0048801761,258479.56330726584,466929.93193856685,258478.15943481377,8,1,11/21/2021 13:16,S/E,S/E,True,258479.98638268368,466920.91732007137
192,466924.9021046576,258475.2843484822,466928.1474271841,258474.62691544613,10,1,11/21/2021 13:18,S/E,S/E,True,258475.71370342007,466922.7826564777
193,466921.5084375602,258471.42590468953,466926.06408131146,258470.5028304376,11,1,11/21/2021 13:19,S/E,S/E,True,258471.85857519685,466919.37308096356
194,466921.55241012725,258467.50566283555,466924.54271833744,258467.0943824505,8,1,11/21/2021 13:20,S/E,S/E,True,258467.7958861646,466919.44227496115
195,466920.2694737695,258462.34121749495,466922.85074792994,258461.98624105655,14,1,11/21/2021 13:21,S/E,S/E,True,258462.64468684167,466918.06274256576
196,466918.63347641256,258455.78025602706,466920.70100131887,258455.49602302824,12,1,11/21/2021 13:22,S/E,S/E,True,258456.0792019421,466916.4589290252
197,466918.059125668,258450.06806583982,466918.86643794295,258449.9573380262,11,1,11/21/2021 13:24,S/E,S/E,True,258450.36412301147,466915.900584097
198,466917.40698691766,258443.02581518263,466918.5110573105,258443.00688788417,14,1,11/21/2021 13:25,S/E,S/E,True,258443.06399604835,466915.1798141647
199,466914.96678175294,258437.0673284771,466918.4412735497,258437.00722216722,17,0,11/21/2021 13:26,S/E,S/E,True,258437.1067001401,466912.69087227876
200,466914.08454816026,258435.11025005078,466918.41833835543,258435.03522990545,7,1,11/21/2021 13:27,S/E,S/E,True,258435.14683467342,466911.9711147859
201,466913.2457866031,258430.69654590392,466918.27420221985,258430.52905567817,13,1,11/21/2021 13:28,S/E,S/E,True,258430.7701590471,466911.035762244
202,466915.3392721985,258425.63072004204,466918.00507782295,258425.54205373162,10,1,11/21/2021 13:29,S/E,S/E,True,258425.70260635065,466913.17796735914
203,466914.9860672497,258420.9687950728,466917.75331858435,258420.8767518462,12,1,11/21/2021 13:30,S/E,S/E,True,258421.04176394755,466912.7922804452
204,466914.3401386393,258411.33802413935,466917.2333887885,258411.24177447817,13,1,11/21/2021 13:31,S/E,S/E,True,258411.4115450519,466912.1301112101
205,466914.03463347023,258401.2243821087,466916.517108801,258401.12118327979,16,1,11/21/2021 13:33,S/E,S/E,True,258401.31825135462,466911.77658374433
206,466914.7464781952,258394.63792379142,466916.0201888874,258394.58511565867,11,1,11/21/2021 13:34,S/E,S/E,True,258394.72817737918,466912.56959835184
207,466913.76468003035,258388.86409074755,466915.57951283874,258388.788736907,14,1,11/21/2021 13:35,S/E,S/E,True,258388.95649935867,466911.5390976574
208,466913.1587052516,258384.13438939207,466915.21915733715,258384.0487777815,10,1,11/21/2021 13:36,S/E,S/E,True,258384.2241636254,466910.9980695032
209,466914.34628080355,258377.94862818244,466914.7541295653,258377.93191632032,9,1,11/21/2021 13:37,S/E,S/E,True,258378.03649840347,466912.2018303176
210,466913.00352066045,258372.9027902818,466914.3675018242,258372.84623332834,14,1,11/21/2021 13:38,S/E,S/E,True,258372.99507341336,466910.77793308103
211,466912.89725550567,258365.0820133853,466913.77449777006,258365.04575145338,16,0,11/22/2021 11:53,S/E,S/E,True,258365.1753536676,466910.6391838523
212,466913.0109038438,258359.84945025176,466913.70576395903,258359.84393962577,11,1,11/22/2021 11:55,S/E,S/E,True,258359.86672840395,466910.83222235536
213,466914.0559667641,258355.52876904543,466913.75933533465,258355.5314666187,21,0,11/22/2021 11:56,S/E,N/W,False,258355.55005954826,466911.71481357026
214,466910.85079603875,258348.5287775555,466913.84663842444,258348.5042514722,18,0,11/22/2021 11:58,S/E,S/E,True,258348.54754495202,466908.558372859
215,466913.61224552867,258342.02823477233,466913.8427570001,258342.02166729711,13,0,11/22/2021 12:00,S/E,S/E,True,258342.09120968176,466911.40189245204
216,466913.5276540542,258325.58191490022,466913.1180501465,258325.59434293397,15,1,11/22/2021 12:02,S/E,N/W,False,258325.6499625268,466911.28493615333
217,466910.7135661982,258317.95933221403,466912.77855611127,258317.89842146751,11,0,11/22/2021 12:03,S/E,S/E,True,258318.0235705877,466908.53576340777
218,466912.9381128245,258312.60391366133,466912.6407808102,258312.6067020027,17,1,11/22/2021 12:05,S/E,N/W,False,258312.62525910235,466910.66196290974
219,466915.16719144967,258309.29054340028,466912.6785380379,258309.31224029872,20,0,11/22/2021 12:07,S/E,N/W,False,258309.31081274417,466912.8422798054
220,466912.04699730314,258298.78264354233,466912.7993021878,258298.77639108276,7,1,11/22/2021 12:08,S/E,S/E,True,258298.8002104627,466909.9333203018
221,466911.07878489967,258295.52854646585,466912.836705048,258295.5136424777,8,1,11/22/2021 12:09,S/E,S/E,True,258295.54660437023,466908.9488614475
222,466908.0881687705,258290.33448214078,466912.89655359305,258290.29328809277,10,1,11/22/2021 12:11,S/E,S/E,True,258290.35300787512,466905.9257481252
223,466909.45562756713,258286.2068062339,466912.8999726353,258286.08192516564,4,1,11/22/2021 12:12,S/E,S/E,True,258286.28162744638,466907.39198351203
224,466910.1431748635,258279.1909006867,466912.46812827,258279.1066916241,22,0,11/22/2021 12:14,S/E,S/E,True,258279.27623262277,466907.7872197046
225,466910.42573833046,258279.61451589497,466912.49493034865,258279.5396085898,7,1,11/22/2021 12:17,S/E,S/E,True,258279.6909861622,466908.3133720363
226,466912.0514735463,258274.20200250595,466912.1642430695,258274.19818365487,18,0,11/22/2021 12:19,S/E,S/E,True,258274.27959173647,466909.76028691896
227,466911.8246938251,258272.71618605097,466912.0816960765,258272.7130280923,9,1,11/22/2021 12:20,S/E,S/E,True,258272.74255647053,466909.6786058345
228,466911.7730063977,258261.14804176398,466912.16134143615,258261.15651097157,12,1,11/22/2021 12:21,S/E,S/E,True,258261.10018234001,466909.5785282193
229,466912.9078188382,258254.50463023444,466912.7633827908,258254.50176304503,12,1,11/22/2021 12:23,S/E,N/W,False,258254.4610660326,466910.7132511905
230,466910.9051955813,258252.5530146872,466912.9250944493,258252.71427782672,12,1,11/22/2021 12:25,S/E,S/E,True,258252.37832779894,466908.7171577638
231,467025.1524205656,258576.17949646164,467025.1800533086,258576.15297076438,14,1,11/23/2021 7:51,N/W,S/E,False,258574.63693435246,467026.7593612581
232,467022.8849519276,258573.39124769074,467021.4901560629,258574.8102138963,13,1,11/23/2021 7:52,N/W,N/W,True,258571.81428469467,467024.43505330215
233,467016.0914078307,258568.4198577836,467012.8856001723,258571.6789996216,13,1,11/23/2021 7:54,N/W,N/W,True,258566.84342234107,467017.6420457182
234,467011.9455503404,258567.0762550609,467007.8931919392,258569.01233744295,12,1,11/23/2021 7:55,N/W,N/W,True,258566.13000666918,467013.926115659
235,467008.10635969136,258564.0085736148,467004.0594567362,258565.94211031892,12,1,11/23/2021 7:56,N/W,N/W,True,258563.06230101606,467010.08691344445
236,467002.82274487405,258560.3567829189,466999.2291949229,258562.0738108755,14,1,11/23/2021 7:58,N/W,N/W,True,258559.3964561554,467004.83260276885
237,466996.5978856666,258557.30526037322,466994.51688128547,258558.29996006397,16,1,11/23/2021 7:59,N/W,N/W,True,258556.33062014682,466998.6369237803
238,466992.46345481765,258554.7501419541,466990.654066857,258555.82779836448,14,1,11/23/2021 8:00,N/W,N/W,True,258553.61031204736,466994.37723224296
239,466983.31928357616,258551.74417041833,466983.7957924518,258551.46166923922,12,1,11/23/2021 8:02,N/W,S/E,False,258550.62478600978,466985.20740527404
240,466981.1998291929,258546.6606749397,466978.644443132,258548.18219653115,16,1,11/23/2021 8:02,N/W,N/W,True,258545.50446418425,466983.1416779741
241,466977.53172042134,258541.81679456742,466973.88009970693,258542.72599263059,13,1,11/23/2021 8:03,N/W,N/W,True,258541.28253812192,466979.6774595977
242,466972.2999350124,258538.03021178808,466971.13329945,258538.40936809801,19,0,11/23/2021 8:04,N/W,N/W,True,258537.3166097405,466974.4956350557
243,466969.2889987885,258532.4684732653,466966.84691071516,258533.2614840236,14,1,11/23/2021 8:05,N/W,N/W,True,258531.7805081052,466971.4075974264
244,466964.2013727953,258530.3640297994,466964.38524918735,258530.30506105864,13,1,11/23/2021 8:06,N/W,S/E,False,258529.688761928,466966.30699381157
245,466962.2491288168,258524.70617007354,466960.42021136824,258525.24697154592,15,1,11/23/2021 8:07,N/W,N/W,True,258524.06993664225,466964.4007842454
246,466954.5453030336,258520.48226191383,466956.41197730554,258519.9316127311,13,1,11/23/2021 8:08,N/W,S/E,False,258519.85662007675,466956.66619880055
247,466948.8160942951,258513.23856324411,466950.9010407966,258512.62347883824,12,1,11/23/2021 8:08,N/W,S/E,False,258512.61747524835,466950.9213911154
248,466946.0047111903,258512.16178271838,466949.7248718218,258511.06373990292,14,1,11/23/2021 8:10,N/W,S/E,False,258511.5312078465,466948.1410940167
249,466942.86486820754,258506.81595671183,466945.37662038166,258505.97483615926,12,1,11/23/2021 8:11,N/W,S/E,False,258506.11895132766,466944.9462640119
250,466941.38818926027,258504.0471447612,466943.19461165887,258503.44237351447,12,1,11/23/2021 8:12,N/W,S/E,False,258503.35029757273,466943.4696380336
251,466939.84238681186,258500.1046022812,466940.21244980843,258499.98123851325,18,0,11/23/2021 8:12,N/W,S/E,False,258499.3796002197,466942.017226636
252,466935.87937098194,258495.2053678343,466936.88954808307,258495.0453892866,14,1,11/23/2021 8:13,N/W,S/E,False,258494.85694785425,466938.0794527458
253,466935.21717695345,258490.0314725986,466934.9618692879,258490.07246171028,11,1,11/23/2021 8:14,N/W,N/W,True,258489.68610160257,466937.36837904475
254,466931.42044765997,258484.83293646824,466932.843435487,258484.60741483764,10,1,11/23/2021 8:14,N/W,S/E,False,258484.49443828702,466933.55629063904
255,466931.2557254857,258482.4297057846,466931.9563281889,258482.31888656004,7,1,11/23/2021 8:15,N/W,S/E,False,258482.09946496168,466933.3435185936
256,466927.6187746388,258474.27246990945,466927.9361263097,258474.20863550022,12,1,11/23/2021 8:16,N/W,S/E,False,258473.83962148492,466929.77067315904
257,466925.0517747352,258469.4419936376,466925.4841548986,258469.35483592626,10,1,11/23/2021 8:17,N/W,S/E,False,258469.01467941146,466927.1716352972
258,466923.275466872,258463.14142176672,466923.235341334,258463.14734903252,13,1,11/23/2021 8:17,N/W,N/W,True,258462.81828673024,466925.46297922864
259,466923.8199985301,258457.23588644032,466921.388318356,258457.5710790765,11,1,11/23/2021 8:18,N/W,N/W,True,258456.93837195585,466925.97833972046
260,466922.0774467363,258452.12794990843,466919.6942187078,258452.45647331455,16,1,11/23/2021 8:19,N/W,N/W,True,258451.81933164713,466924.3162756196
261,466921.1048153878,258445.72543592117,466918.5432002976,258445.7701746461,9,1,11/23/2021 8:20,N/W,N/W,True,258445.68795728215,466923.25073812966
262,466920.0421860284,258439.4926061101,466918.4705012158,258439.5201493273,16,1,11/23/2021 8:21,N/W,N/W,True,258439.45300649447,466922.30183907045
263,466918.9895498988,258434.8080488588,466918.4158150333,258434.8182679477,15,1,11/23/2021 8:22,N/W,N/W,True,258434.7680906031,466921.2329440684
264,466917.94479901495,258429.58977831824,466918.2230272168,258429.58076592392,16,1,11/23/2021 8:22,N/W,S/E,False,258429.51661055922,466920.20361429715
265,466917.98859314044,258422.77629804105,466917.85607847944,258422.78098552185,10,1,11/23/2021 8:23,N/W,N/W,True,258422.69985109364,466920.14974147273
266,466918.41585091245,258417.1138958455,466917.5518321218,258417.1429861792,16,1,11/23/2021 8:24,N/W,N/W,True,258417.0378478203,466920.6745710584
267,466917.3894040281,258409.9990583639,466917.1667451411,258410.00675547114,11,1,11/23/2021 8:25,N/W,N/W,True,258409.92378599854,466919.5668533693
268,466917.77785842353,258405.24970725077,466916.83400658716,258405.2893311239,9,1,11/23/2021 8:26,N/W,N/W,True,258405.15968475636,466919.9222196368
269,466917.8661829528,258398.22355064424,466916.30178777076,258398.28904515444,14,1,11/23/2021 8:27,N/W,N/W,True,258398.13037640133,466920.09173340397
270,466915.60859005054,258394.08249711382,466915.9808177857,258394.0672563308,13,1,11/23/2021 8:28,N/W,S/E,False,258393.99203376533,466917.8179888251
271,466914.020033462,258388.1389167346,466915.52536151727,258388.07645788055,12,1,11/23/2021 8:29,N/W,S/E,False,258388.0479204067,466916.21314647055
272,466914.7184057075,258380.74497326015,466914.967221687,258380.73489038303,16,1,11/23/2021 8:30,N/W,S/E,False,258380.6534654105,466916.97655236203
273,466917.6926988017,258372.39223805253,466914.34362277057,258372.5321270827,17,1,11/23/2021 8:32,N/W,N/W,True,258372.29724319684,466919.9669657253
