objectid;creationdate;species;dbh;treelatitude;treelongitude;centerlatitude;centerlongitude;comments;globalid;speed;traveldirection;compass;sourcetype;receivername;accuracyhorizontal;accuracyvertical;altitude;fixtype;correctionage;fixtime;editdate
1;11/13/2021 12:43;1;15;467361.2482770114;258740.03841943332;467357.28300707904;258740.30418429791;None;01cb7656-1d83-4e8c-bef1-2d50e4cabf87;0.040419655;6.50494071;120.9424438;3;"R2; 5834S09961: ITC-GIP";0.886871778;0.809602395;89.39658207;2;5;11/13/2021 12:43;11/13/2021 12:43
2;11/13/2021 12:44;1;10;467359.9460439315;258736.46880645974;467356.7653116255;258736.68205203902;None;7119b923-a23f-450c-9b66-f54d74f9bbf6;0.057539836;171.9087225;99.92397308;3;"R2; 5834S09961: ITC-GIP";0.916636519;0.85858352;89.90063498;2;37;11/13/2021 12:44;11/13/2021 12:44
3;11/13/2021 12:45;1;12;467357.23403594695;258730.8916775246;467355.9500552525;258730.97795219565;Omgezaagd;957587d0-0b3b-496f-a26a-873fed601fc4;0.093524397;340.2000662;19.79524422;3;"R2; 5834S09961: ITC-GIP";1.176256902;1.25256598;90.5043591;2;97;11/13/2021 12:45;11/13/2021 12:45
4;11/13/2021 12:46;1;17;467356.0801112626;258724.78195543296;467355.0741733618;258724.8496209492;None;68bdd741-88b0-4afd-ad19-b6b41315be60;0.169274888;177.223131;142.683136;3;"R2; 5834S09961: ITC-GIP";1.103713857;1.038664597;91.7365864;2;5;11/13/2021 12:46;11/13/2021 12:46
5;11/13/2021 12:47;1;17;467355.53116368875;258720.0312484405;467354.39642263716;258720.10752722478;None;d80e12c5-6eea-4cd1-9e33-7dee7e503926;0.076522209;102.4379781;146.6884155;3;"R2; 5834S09961: ITC-GIP";0.882959533;0.80102549;89.61106601;2;4;11/13/2021 12:47;11/13/2021 12:47
6;11/13/2021 12:48;1;13;467352.22054592276;258714.14086294686;467353.19367658155;258714.0400781011;Krommend;0da72359-28c4-4a23-9a18-6e7029c09b6c;0.105008769;158.3171944;149.0413818;3;"R2; 5834S09961: ITC-GIP";1.036887842;1.153907128;90.27902958;2;14;11/13/2021 12:48;11/13/2021 12:48
7;11/13/2021 12:49;1;16;467352.0692240553;258708.5005936791;467351.8621253823;258708.52249285797;None;bfa1bc2e-0529-4c88-9d7d-2804bf06ad2f;0.14134875;357.6987552;129.6928101;3;"R2; 5834S09961: ITC-GIP";1.199643212;1.297354713;89.2365147;2;5;11/13/2021 12:48;11/13/2021 12:49
8;11/13/2021 12:50;1;9;467347.42735411454;258700.79345181357;467349.9341076626;258700.53326269914;None;dec9bb14-83c8-4c1a-b237-7ad7c1ad24ad;0.010546162;23.3501419;123.1384277;3;"R2; 5834S09961: ITC-GIP";1.150449925;1.009791654;93.64727348;2;43;11/13/2021 12:50;11/13/2021 12:50
9;11/13/2021 12:51;1;14;467346.6188471338;258698.47906107712;467348.9898785217;258698.07525272822;None;71acdcde-c8f0-4f72-b995-b5882bd9cd3e;0.260222849;186.0587212;127.1759491;3;"R2; 5834S09961: ITC-GIP";1.001525139;0.843448295;92.69018672;2;67;11/13/2021 12:51;11/13/2021 12:51
10;11/13/2021 12:52;1;12;467347.1880609218;258692.16836632136;467346.56042222556;258692.27585905397;None;c6bc1c54-d9b9-4da6-b3d1-1eff1161db07;0.099600515;218.7958243;129.0705719;3;"R2; 5834S09961: ITC-GIP";1.195340509;1.496353687;91.38037266;2;5;11/13/2021 12:51;11/13/2021 12:52
11;11/13/2021 12:52;1;18;467341.1363543144;258685.53228415071;467343.2357883317;258685.08672573336;None;0a2cc41c-03be-4a01-92d4-46bffcffecd1;0.21987847;184.9428016;139.3828125;3;"R2; 5834S09961: ITC-GIP";0.901771274;0.872191579;90.57347769;2;5;11/13/2021 12:52;11/13/2021 12:52
12;11/13/2021 12:53;1;13;467341.9507161667;258681.0992024435;467341.20197619265;258681.25881912987;None;1755d052-eb17-4d92-ba5b-e083473a624e;0.133148932;123.5587852;144.1031189;3;"R2; 5834S09961: ITC-GIP";0.971882092;1.060235615;90.09615591;2;5;11/13/2021 12:53;11/13/2021 12:53
13;11/13/2021 12:54;1;16;467339.58053351624;258673.3951731507;467337.2835270157;258673.88374886732;None;ef862b94-3e62-4c78-8193-ea23c848d7a8;0.205220342;245.7787381;148.5987701;3;"R2; 5834S09961: ITC-GIP";0.898706289;0.822287108;88.19563161;2;5;11/13/2021 12:54;11/13/2021 12:54
14;11/13/2021 12:55;1;15;467335.6077415336;258667.6105863839;467333.9115992386;258668.03097820864;None;0f11f544-1e50-4e82-99d7-9e4544d4f36f;0.09434416;105.8818498;135.8206177;3;"R2; 5834S09961: ITC-GIP";0.999109522;0.975821609;90.54845794;2;13;11/13/2021 12:55;11/13/2021 12:55
15;11/13/2021 12:56;1;17;467333.0985283546;258662.9455648963;467331.04888400243;258663.4534472156;None;6dbb18d0-53e4-43d0-8648-59ede29ed5de;0.10772231;194.5532296;139.9503326;3;"R2; 5834S09961: ITC-GIP";0.908205589;0.91749674;89.99698285;2;5;11/13/2021 12:55;11/13/2021 12:56
16;11/13/2021 12:56;1;12;467329.57698984764;258656.7567527515;467327.22526417003;258657.33939439573;None;e4094463-f9e9-4555-a1a1-a27858700113;0.114962928;52.35127643;129.8753967;3;"R2; 5834S09961: ITC-GIP";1.019745768;0.846600507;89.01738384;2;4;11/13/2021 12:56;11/13/2021 12:56
17;11/13/2021 12:57;1;14;467326.97520595556;258651.86981709057;467324.17663977866;258652.72167832288;None;4b77a63a-a26a-4b8e-90ca-3dd0455ae77d;0.169358319;31.85484213;137.9239349;3;"R2; 5834S09961: ITC-GIP";0.885829861;0.886411863;89.90155526;2;5;11/13/2021 12:57;11/13/2021 12:57
18;11/13/2021 12:58;1;20;467322.0183162409;258648.14634300134;467320.8856461573;258648.49150823517;None;8966f7de-c5db-431d-a075-e83149dfe437;0.177872648;73.22902001;128.4234619;3;"R2; 5834S09961: ITC-GIP";0.910309781;0.830716515;90.23014532;2;5;11/13/2021 12:58;11/13/2021 12:58
19;11/13/2021 13:02;1;19;467320.527819317;258641.31436653854;467316.30234221934;258642.60021398243;Hangend over pad;3a097d6f-087f-43e8-98c1-e6d45bc8a166;0.046567153;83.79276422;78.34172821;3;"R2; 5834S09961: ITC-GIP";0.88482514;0.851864685;88.00569858;2;5;11/13/2021 13:01;11/13/2021 13:02
20;11/13/2021 13:03;1;13;467316.1196241279;258636.84661063936;467312.64812496706;258637.9031362661;None;30a0bce2-9a55-4862-9584-26eb6f14eec6;0.072127302;34.52289353;87.8067627;3;"R2; 5834S09961: ITC-GIP";0.94016705;0.802944463;89.22900447;2;5;11/13/2021 13:02;11/13/2021 13:03
21;11/13/2021 13:12;1;13;467317.0258772908;258636.96914210636;467312.89862180327;258638.22512166307;None;5e615d37-79d9-4be7-a1d7-273f77acf300;0.139645256;181.9406254;67.3229599;3;"R2; 5834S09961: ITC-GIP";1.082998596;1.033413436;89.41095108;2;5;11/13/2021 13:12;11/13/2021 13:12
22;11/13/2021 13:13;1;14;467313.055716206;258633.06378919585;467309.68203484983;258634.09055781318;None;b3208b1e-839b-4fd5-999c-c17d501e6810;0.241806713;49.83897812;117.4716568;3;"R2; 5834S09961: ITC-GIP";1.076740263;1.021319663;88.84638539;2;4;11/13/2021 13:13;11/13/2021 13:13
23;11/13/2021 13:14;1;16;467309.8100672764;258627.98621964926;467305.92134755565;258629.13647468487;None;dd3e68f2-2e09-4c04-9c05-372910552c12;0.040353564;113.1008773;38.36093903;3;"R2; 5834S09961: ITC-GIP";0.826737633;0.826808741;88.03055038;2;4;11/13/2021 13:14;11/13/2021 13:14
24;11/13/2021 13:15;1;20;467305.09919631534;258623.67923580756;467302.4034321061;258624.47681886473;None;497fee19-d9d5-4794-903a-1967624fb2c1;0.091779009;298.2132732;10.19842052;3;"R2; 5834S09961: ITC-GIP";0.831957577;0.856270496;88.81037507;2;5;11/13/2021 13:14;11/13/2021 13:15
25;11/13/2021 13:16;1;19;467300.4744640456;258617.58161252865;467297.7960330149;258618.3740683351;None;a664f5cf-4dd8-4e9b-bd6a-c61808056128;0.086681521;20.61028014;43.46124649;3;"R2; 5834S09961: ITC-GIP";0.827855545;0.856660586;88.80566691;2;5;11/13/2021 13:16;11/13/2021 13:16
26;11/13/2021 13:17;1;10;467297.8328703669;258614.99551811616;467295.3054756792;258616.25489401695;Lang geleden kmgezaagd;5e5a8a2b-64eb-4098-a7ba-9890ab4c9c93;0.106711419;23.97821784;100.2595444;3;"R2; 5834S09961: ITC-GIP";0.980331379;1.136825479;89.58357661;2;21;11/13/2021 13:17;11/13/2021 13:17
27;11/13/2021 13:19;0;20;467293.5490440845;258610.5652813621;467290.1150666825;258612.27606291906;Al geen blad meer;932f9c25-a797-40eb-bc08-bf10b69a3cf0;0.148570149;61.97066584;84.59001923;3;"R2; 5834S09961: ITC-GIP";0.862786584;0.907376751;89.16146395;2;5;11/13/2021 13:18;11/13/2021 13:19
28;11/14/2021 14:33;1;15;467279.5829650063;258602.62738994148;467278.2136595988;258603.34320357788;None;ece61fe6-6055-4811-b9a6-995723722aa8;0.076353421;27.82481796;59.82274246;3;"R2; 5834S09961: ITC-GIP";1.211455746;1.472509381;87.80158879;2;5;11/14/2021 14:33;11/14/2021 14:33
29;11/14/2021 14:34;1;9;467274.3911288817;258596.76423777494;467270.8716613717;258599.4133347926;None;9f78af6b-3be0-48b1-874d-53d3286de221;0.237753575;330.0865142;72.99420166;3;"R2; 5834S09961: ITC-GIP";1.039116124;1.785248073;86.85972179;2;4;11/14/2021 14:34;11/14/2021 14:34
30;11/14/2021 14:35;1;10;467270.3661791877;258595.13942881813;467267.15131011774;258597.55941742816;None;24c6d9a4-4347-4a69-a914-1f4e40ad8f18;0.019296295;172.402839;71.01095581;3;"R2; 5834S09961: ITC-GIP";0.925332548;1.214057303;90.7973642;2;41;11/14/2021 14:35;11/14/2021 14:35
31;11/14/2021 14:36;1;13;467264.09901557217;258592.72714275104;467261.53017255454;258594.7582981696;None;56416d29-965a-4aec-8493-e4c3df1549b4;0.079065724;63.96500945;88.29541779;3;"R2; 5834S09961: ITC-GIP";0.916847021;1.032221259;89.26331836;2;37;11/14/2021 14:36;11/14/2021 14:36
32;11/14/2021 14:36;1;10;467258.1457822883;258589.83893489308;467255.4632197756;258592.40421937435;None;ea4f96f4-5f77-4416-9347-75d6ffd296f5;0.139057347;240.6953665;101.8474808;3;"R2; 5834S09961: ITC-GIP";0.986967307;1.133097842;87.18231112;2;4;11/14/2021 14:36;11/14/2021 14:36
33;11/14/2021 14:38;1;11;467252.05591489305;258588.137738972;467249.8658645429;258590.23234644358;None;db089bd7-8f0d-4163-b41b-45960544727a;0.109008296;181.5923495;80.43025208;3;"R2; 5834S09961: ITC-GIP";0.916960667;1.074473232;88.64914893;2;5;11/14/2021 14:38;11/14/2021 14:38
34;11/14/2021 14:39;0;21;467248.867331833;258585.9490048918;467245.9691513171;258588.72034943238;None;411ec615-5ac1-4037-bd88-73c71e02741b;0.093691092;127.7659215;83.66982269;3;"R2; 5834S09961: ITC-GIP";0.88341424;0.870680571;86.55961265;2;4;11/14/2021 14:39;11/14/2021 14:39
35;11/14/2021 14:40;0;17;467243.0879527177;258584.30192015338;467240.8288765443;258586.97634474153;None;b4c1bcb6-a60d-458a-bc66-698c0fcfbaa3;0.077078934;282.2949502;82.72477722;3;"R2; 5834S09961: ITC-GIP";0.857038704;0.826434947;90.40748886;2;5;11/14/2021 14:40;11/14/2021 14:40
36;11/14/2021 14:41;1;13;467238.75573186646;258583.57428869768;467236.9091001334;258585.7607658242;None;1cd53bda-2e93-4dd4-b47e-a0381eebb2f5;0.133841593;78.22197773;72.26312256;3;"R2; 5834S09961: ITC-GIP";0.843614315;0.835674544;89.61381914;2;5;11/14/2021 14:40;11/14/2021 14:41
37;11/14/2021 14:41;1;8;467232.977303596;258581.1720710957;467230.7220056341;258583.84205462487;None;6a50f58f-ee4e-4640-bc03-03c69b75e77d;0.171103723;267.6739214;106.367691;3;"R2; 5834S09961: ITC-GIP";0.891389339;1.004100272;91.70047041;2;33;11/14/2021 14:41;11/14/2021 14:41
38;11/14/2021 14:42;1;14;467227.89322038775;258581.53199284605;467227.0999143783;258582.77033696446;None;11061a8d-6688-430d-a60d-6f35177f7588;0.115373918;114.4695419;101.1961365;3;"R2; 5834S09961: ITC-GIP";0.848785984;0.831721073;89.67460004;2;24;11/14/2021 14:42;11/14/2021 14:42
39;11/14/2021 14:43;1;12;467220.58985621564;258580.50137424542;467220.16618379223;258581.16378745614;None;3a3f3079-03c6-4a40-a71e-717efb97ed29;0.120677916;193.0362744;41.65811157;3;"R2; 5834S09961: ITC-GIP";0.861345374;0.814448513;87.85093357;2;27;11/14/2021 14:43;11/14/2021 14:43
40;11/14/2021 14:44;0;18;467215.14225519315;258579.2309294042;467214.7139954551;258579.9005085988;Kwijnend;a2368470-4be9-4320-ae85-2b25d3999c2a;0.079162519;335.8627611;83.34506989;3;"R2; 5834S09961: ITC-GIP";0.858488246;0.803794351;88.55347417;2;84;11/14/2021 14:44;11/14/2021 14:44
41;11/14/2021 14:46;1;15;467203.1129113963;258578.3907372841;467203.00579708966;258579.1607749211;None;c088c8d4-03dc-4de8-870a-cfb93f14ae64;0.106415633;160.1572742;86.97710419;3;"R2; 5834S09961: ITC-GIP";0.883632571;0.892225278;88.4709314;2;5;11/14/2021 14:45;11/14/2021 14:46
42;11/14/2021 14:47;1;15;467195.6459871392;258577.95102278213;467195.80629648204;258578.9402162518;None;c1148a33-0d59-4ca4-a166-65ffe792e7df;0.134798137;172.936817;53.84089279;3;"R2; 5834S09961: ITC-GIP";0.768439769;0.781743612;90.53367079;2;15;11/14/2021 14:46;11/14/2021 14:47
43;11/14/2021 14:47;1;14;467190.5299570144;258578.96670830256;467190.5887577583;258579.32428896453;None;0e48e7f6-7ded-4964-a4a3-48ddd7f8e156;0.156792468;355.298719;185.1122131;3;"R2; 5834S09961: ITC-GIP";0.738508748;0.766476068;89.31399533;2;70;11/14/2021 14:47;11/14/2021 14:47
44;11/14/2021 14:48;1;18;467184.0365830315;258578.9927934538;467184.16715115076;258579.7969961022;None;f2b0dd7c-6d7c-43e5-b330-6ba86a045d25;0.115671002;183.812252;245.3259888;3;"R2; 5834S09961: ITC-GIP";0.811074926;0.80020315;89.47429199;2;28;11/14/2021 14:48;11/14/2021 14:48
45;11/14/2021 14:49;1;12;467177.03928122605;258578.7637611074;467177.2880308823;258580.303382645;None;29ee623f-2d32-4acb-bb63-d07f415deb3e;0.088985551;357.6624335;234.1221466;3;"R2; 5834S09961: ITC-GIP";0.754715399;0.731576907;90.2574632;2;72;11/14/2021 14:48;11/14/2021 14:49
46;11/14/2021 14:49;1;16;467169.76967260725;258579.8292166369;467170.065006492;258581.02327645075;None;cccf8fef-7991-4f31-aac1-b51851671cb7;0.071372599;330.9114186;31.47373962;3;"R2; 5834S09961: ITC-GIP";0.779487659;0.771449071;88.76100368;2;114;11/14/2021 14:49;11/14/2021 14:49
47;11/14/2021 14:50;1;14;467165.6168990905;258579.91484867732;467166.0601807704;258581.4721254884;None;cba5b8f5-8d44-4eb1-a7cc-0dac1415bf1f;0.094138869;9.173680005;24.96302223;3;"R2; 5834S09961: ITC-GIP";0.80899682;0.759681038;89.65056609;2;5;11/14/2021 14:50;11/14/2021 14:50
48;11/14/2021 14:51;1;13;467159.0661710629;258580.6570339651;467159.52128120034;258582.25608411134;None;5143841f-da2b-444e-871a-40d6212f0502;0.096487008;90.99276933;31.48986816;3;"R2; 5834S09961: ITC-GIP";0.822423924;0.746193945;87.8425277;2;5;11/14/2021 14:51;11/14/2021 14:51
49;11/14/2021 14:51;0;20;467154.6483620116;258580.52319193032;467155.2856175992;258582.76390516042;None;c70dbb2d-c55f-4262-be3c-1ba925e007c4;0.100026282;232.6249419;356.5421143;3;"R2; 5834S09961: ITC-GIP";0.763909167;0.712702627;90.52239385;2;28;11/14/2021 14:51;11/14/2021 14:51
50;11/14/2021 14:52;0;19;467147.7227843919;258581.0094792403;467147.93656271027;258583.27029809164;None;acf1db51-3e7e-4a48-9f48-b76f88cf8f49;0.061965618;293.3377007;7.675528526;3;"R2; 5834S09961: ITC-GIP";0.874020021;0.8621355;89.64604534;2;5;11/14/2021 14:52;11/14/2021 14:52
51;11/14/2021 14:53;1;17;467140.773256249;258582.32076184204;467140.8958846193;258583.61155175738;Slecht bovenin;ec2848cd-6654-4541-b626-a7599a82bd8d;0.075459897;147.5610465;18.64421844;3;"R2; 5834S09961: ITC-GIP";0.856567956;0.755706487;88.92238571;2;17;11/14/2021 14:53;11/14/2021 14:53
52;11/14/2021 14:54;1;14;467135.6638871069;258584.08261861192;467135.6448945229;258583.8660615997;Slecht bovenin;0215f23d-bc83-4e2b-8b9c-9139efeda816;0.195365025;207.5284186;35.10138321;3;"R2; 5834S09961: ITC-GIP";0.83251202;0.709428142;89.03605103;2;20;11/14/2021 14:54;11/14/2021 14:54
53;11/14/2021 15:01;1;12;467123.74746612826;258584.70693624744;467123.78994063975;258584.89991811884;None;795aa2fc-3d91-46f2-8521-b6f38481774c;0.047009026;115.3491753;27.71745682;3;"R2; 5834S09961: ITC-GIP";1.232362811;0.754226041;90.32224449;2;100;11/14/2021 15:00;11/14/2021 15:01
54;11/14/2021 15:01;1;12;467118.2669597359;258584.9502895523;467118.36546380253;258585.40625030524;None;422f9f89-7c88-4c75-a6c9-58816779ccef;0.086561805;176.7429698;44.12293625;3;"R2; 5834S09961: ITC-GIP";0.840365866;0.712868821;89.214683;2;146;11/14/2021 15:01;11/14/2021 15:01
55;11/14/2021 15:02;1;13;467113.8257233607;258585.0784146691;467114.0006615611;258585.8339310708;None;1965b8fd-6d1a-4804-b3c7-44585bc3c67e;0.041747207;266.1727826;52.98554611;3;"R2; 5834S09961: ITC-GIP";0.796646404;0.746900331;89.46967954;2;179;11/14/2021 15:02;11/14/2021 15:02
56;11/14/2021 15:03;1;14;467106.60172979627;258586.1969108265;467106.6870388644;258586.56242563136;None;eb0a3860-1483-42c8-95fd-48f62e3d71da;0.201190125;117.5470468;14.83520508;3;"R2; 5834S09961: ITC-GIP";0.760862585;0.681621877;88.7026893;2;257;11/14/2021 15:03;11/14/2021 15:03
57;11/14/2021 15:04;1;14;467100.9280479879;258586.35754923313;467101.10423506604;258587.11851807294;None;e583a5ba-ccdc-4b22-a841-64f184269ba9;0.112276267;24.7998795;35.12630463;3;"R2; 5834S09961: ITC-GIP";0.77365552;0.682415633;89.21834841;2;19;11/14/2021 15:04;11/14/2021 15:04
58;11/14/2021 15:05;1;13;467094.8424296144;258586.93603632879;467094.9597747483;258587.65752964054;None;a445b060-b775-41ee-ad1b-15994e0de2df;0.068793073;33.74836638;42.89935303;3;"R2; 5834S09961: ITC-GIP";0.775173677;0.683587395;88.31182959;2;5;11/14/2021 15:05;11/14/2021 15:05
59;11/14/2021 15:05;1;14;467089.30168236187;258586.9080202618;467089.48836082517;258588.06054800987;None;f7b1f59e-05b7-403d-81d6-3ed9f1b1c428;0.153655519;271.691253;19.84663773;3;"R2; 5834S09961: ITC-GIP";0.802682444;0.757641438;89.80941223;2;31;11/14/2021 15:05;11/14/2021 15:05
60;11/14/2021 15:06;1;15;467082.3144924299;258587.6943631494;467082.45797576295;258588.5783993748;None;4e37f17b-5ca4-4997-a52a-824d41963c57;0.02387722;256.2343739;46.03740692;3;"R2; 5834S09961: ITC-GIP";0.80224399;0.755581754;88.39782603;2;19;11/14/2021 15:06;11/14/2021 15:06
61;11/14/2021 15:07;1;13;467076.6926150041;258586.49874102813;467076.3415624306;258588.39770104794;None;4aca4b5c-3bfb-4d99-b501-605f0f7dfaf5;0.139929637;270.2727793;21.26140976;3;"R2; 5834S09961: ITC-GIP";0.797055393;0.740499584;88.91856869;2;5;11/14/2021 15:07;11/14/2021 15:07
62;11/14/2021 15:08;0;22;467069.8925273023;258586.92008919638;467069.6904989541;258588.0162487369;None;13f86c36-2447-470d-b125-6038c00f10fb;0.167170291;172.8558063;25.50537872;3;"R2; 5834S09961: ITC-GIP";0.82485455;0.7845773;89.87916093;2;34;11/14/2021 15:07;11/14/2021 15:08
63;11/14/2021 15:09;1;13;467065.01719919586;258586.61957792664;467064.42883059685;258587.43931207;Top eruit;2bf9214a-22bb-403e-b19e-5e779aa5005b;0.048010122;63.11385189;41.53498077;3;"R2; 5834S09961: ITC-GIP";0.819526858;0.793586989;90.30172061;2;76;11/14/2021 15:08;11/14/2021 15:09
64;11/14/2021 15:10;1;15;467051.49626615405;258583.79432453017;467051.44072029216;258584.09791052315;None;24cdc216-c707-4079-9781-6a6674b3f154;0.108418877;153.0320843;34.35641479;3;"R2; 5834S09961: ITC-GIP";0.793164821;0.748527258;89.73286257;2;5;11/14/2021 15:09;11/14/2021 15:10
65;11/14/2021 15:10;1;12;467045.78282582684;258582.9554646283;467045.63318519556;258583.76027982286;None;f022c7f6-9d3c-46a1-ab90-bd709d08b860;0.042829769;292.6067348;25.64479828;3;"R2; 5834S09961: ITC-GIP";1.002618637;0.807601774;87.97872661;2;27;11/14/2021 15:10;11/14/2021 15:10
66;11/14/2021 15:11;0;20;467039.60898024694;258581.1221168575;467037.08238710253;258582.7637351348;None;f3af4960-5bd6-4dcb-b72b-8d7c55d2a41b;0.05855895;323.3589764;84.27017975;3;"R2; 5834S09961: ITC-GIP";0.881453722;0.906335863;88.24741668;2;4;11/14/2021 15:11;11/14/2021 15:11
67;11/14/2021 15:12;1;15;467033.22316373524;258579.15684643982;467032.11557338666;258579.8771036167;None;eaf0b203-3029-4771-82fa-834a89f164bd;0.038845565;202.4481819;12.24444866;3;"R2; 5834S09961: ITC-GIP";0.919653578;0.947876156;87.66736361;2;36;11/14/2021 15:12;11/14/2021 15:12
68;11/14/2021 15:14;1;12;467022.69872657175;258574.86444948384;467022.4205145817;258575.1487723966;None;61a7fade-86f3-4a39-a3d6-ba303eab1e78;0.154196325;183.8484635;16.00737;3;"R2; 5834S09961: ITC-GIP";0.870413264;0.816806665;88.81399062;2;56;11/14/2021 15:13;11/14/2021 15:14
69;11/14/2021 15:14;1;13;467016.30509865284;258568.10198927973;467012.81263699604;258571.6524481291;None;7cd6ee93-2821-435d-8fb6-656f082f2fa8;0.070021449;184.1863826;55.87116241;3;"R2; 5834S09961: ITC-GIP";1.1239677;0.941105241;89.05719257;2;13;11/14/2021 15:14;11/14/2021 15:14
70;11/14/2021 15:15;1;11;467008.8413747806;258567.70841112756;467007.22813029704;258568.47972670358;None;898c8188-e058-4072-b74d-deb0fd48d7ee;0.151726191;242.0353867;17.15288162;3;"R2; 5834S09961: ITC-GIP";1.243124995;1.133859088;90.66502436;2;5;11/14/2021 15:15;11/14/2021 15:15
71;11/14/2021 15:34;1;12;466924.4790162262;258464.12596996108;466923.5997235428;258464.2474374355;None;a777f9b2-a1d3-4da6-aa02-fb7e9d0c1203;0.037153315;144.6917121;128.2296906;3;"R2; 5834S09961: ITC-GIP";0.901407753;0.831758968;87.96598076;2;5;11/14/2021 15:34;11/14/2021 15:34
72;11/14/2021 15:35;1;10;466922.7558158905;258457.86594260423;466921.5414989497;258458.03354108537;None;a3c16261-f50b-4051-9c55-167995281a64;0.103400384;326.4940337;126.1745377;3;"R2; 5834S09961: ITC-GIP";1.115534226;1.22010622;89.69667811;2;4;11/14/2021 15:35;11/14/2021 15:35
73;11/14/2021 15:36;1;16;466920.548644732;258452.35755780517;466919.7002782627;258452.47476756736;None;5e405cb3-1cd0-43f6-8bd3-96adfdc32800;0.0850781;52.06088397;207.1657562;3;"R2; 5834S09961: ITC-GIP";0.820243882;0.766603862;88.40966444;2;5;11/14/2021 15:36;11/14/2021 15:36
74;11/14/2021 15:36;1;8;466920.9924639728;258446.90299727675;466918.5568729326;258446.94555143552;None;61ce7344-4d6b-4d3b-9227-a95bdc19f911;0.126668535;14.51574113;123.2874603;3;"R2; 5834S09961: ITC-GIP";0.82170956;0.777220377;87.72749579;2;4;11/14/2021 15:36;11/14/2021 15:36
75;11/14/2021 15:37;1;13;466919.1670957498;258441.29195299948;466918.4912491184;258441.30394007696;None;a047776c-d4d8-47e6-93b4-f069775f8df4;0.092139175;58.44193509;129.2127533;3;"R2; 5834S09961: ITC-GIP";0.76227302;0.696179374;88.1964081;2;5;11/14/2021 15:37;11/14/2021 15:37
76;11/14/2021 15:38;1;14;466918.2846007255;258434.73067008247;466918.4147728459;258434.72865782288;None;7fe5896d-ea20-4678-a416-cd2f619c6681;0.091019056;200.9445028;123.0222549;3;"R2; 5834S09961: ITC-GIP";0.784391873;0.708746544;88.38257871;2;4;11/14/2021 15:38;11/14/2021 15:38
77;11/14/2021 15:39;1;15;466920.0301761882;258429.7912854383;466918.23762961035;258429.8513534795;None;6b122fe7-d63f-49fb-9294-b914fbc0e953;0.11344372;137.023514;64.9964447;3;"R2; 5834S09961: ITC-GIP";0.857904818;0.894848519;87.52299422;2;4;11/14/2021 15:38;11/14/2021 15:39
78;11/14/2021 15:39;1;10;466919.8328564684;258422.83813261587;466917.8627236883;258422.90412679932;None;e608cc07-09f0-438c-9c71-a8b5f2f12704;0.138074728;56.81334769;142.0261993;3;"R2; 5834S09961: ITC-GIP";0.946850183;0.856972767;89.01132771;2;5;11/14/2021 15:39;11/14/2021 15:39
79;11/14/2021 15:40;1;15;466918.3393816394;258416.49031383696;466917.5181052128;258416.5179843718;None;8032d445-5c1b-4766-a39d-7cbf50c103a7;0.148683066;49.04565415;119.0344086;3;"R2; 5834S09961: ITC-GIP";1.047153216;1.098495454;89.74692331;2;30;11/14/2021 15:40;11/14/2021 15:40
80;11/14/2021 15:40;1;12;466916.37406593224;258410.03630164993;466917.16692710406;258410.01012765378;None;befa7221-ea7e-4024-91e9-710eac807d47;0.042501207;1.25726373;119.7871399;3;"R2; 5834S09961: ITC-GIP";1.088372956;1.023304087;89.27732819;2;5;11/14/2021 15:40;11/14/2021 15:40
81;11/14/2021 15:41;1;8;466919.067154767;258405.8650234301;466916.884714761;258405.95628998548;None;feeb7fb8-8ce5-4411-8aba-1f0dcc622ed2;0.046054674;195.3348851;107.4092789;3;"R2; 5834S09961: ITC-GIP";1.126261601;1.071435276;91.10504214;2;10;11/14/2021 15:41;11/14/2021 15:41
82;11/14/2021 15:42;1;14;466918.5263997084;258398.34298812674;466916.31292548665;258398.43554111943;None;da227a15-043f-4afa-86e8-9daf96317222;0.094989345;21.70480142;160.4817963;3;"R2; 5834S09961: ITC-GIP";1.304284956;1.236712449;89.893367;2;5;11/14/2021 15:41;11/14/2021 15:42
83;11/14/2021 15:42;1;12;466915.9105439785;258393.30003536888;466915.92247224116;258393.29981944175;None;0e165351-9405-4f80-9d95-41dd4a29c094;0.128582615;345.2454827;177.0829468;3;"R2; 5834S09961: ITC-GIP";0.814923663;0.782816878;88.25403218;2;5;11/14/2021 15:42;11/14/2021 15:42
84;11/14/2021 15:43;1;12;466914.20977893315;258386.3520731472;466915.3905456492;258386.30315240205;None;474cd097-38cf-423d-ab73-e09f03c3cf19;0.074715318;351.6966704;110.1575699;3;"R2; 5834S09961: ITC-GIP";1.142429095;0.939260966;92.71001135;2;13;11/14/2021 15:43;11/14/2021 15:43
85;11/14/2021 15:43;1;16;466917.74874643976;258380.31134504752;466914.9439318766;258380.42854155763;None;56cae3e8-ac51-4690-883d-9032db5a63c0;0.088656037;89.62064171;117.7778168;3;"R2; 5834S09961: ITC-GIP";1.135400657;1.071470498;91.25121052;2;5;11/14/2021 15:43;11/14/2021 15:43
86;11/14/2021 15:44;1;17;466917.44636231713;258370.39421458106;466914.1914293495;258370.53016141034;None;d6131133-ebaa-4c91-a471-2aef022ca6cd;0.116133793;68.11060803;131.5416565;3;"R2; 5834S09961: ITC-GIP";1.107694427;0.871929213;89.91816472;2;24;11/14/2021 15:44;11/14/2021 15:44
87;11/14/2021 15:45;0;17;466919.56753555086;258366.76221406466;466913.9228915405;258366.9977650665;None;1f312dee-9ee9-4267-b6c4-d2c8c20488a6;0.136737927;298.3356503;119.3219223;3;"R2; 5834S09961: ITC-GIP";0.976464172;1.09006391;92.74263236;2;5;11/14/2021 15:45;11/14/2021 15:45
88;11/14/2021 15:46;1;12;466914.1912891664;258357.0503119238;466913.740418066;258357.05426437611;None;fc9ff249-3501-4a01-b113-e4e1a053f7f5;0.091250087;229.6889677;130.7622528;3;"R2; 5834S09961: ITC-GIP";1.604099377;1.0503379;84.80821842;2;34;11/14/2021 15:45;11/14/2021 15:46
89;11/14/2021 15:46;0;17;466914.3608188384;258350.7676968985;466913.81845868134;258350.7724123951;None;bd021676-5d5d-44e6-b9ec-3d600221157e;0.21099626;177.9636521;159.9611816;3;"R2; 5834S09961: ITC-GIP";1.74733879;1.097009085;87.68422592;2;20;11/14/2021 15:46;11/14/2021 15:46
90;11/14/2021 15:47;0;17;466913.9497092769;258343.32183087541;466913.900193539;258343.32355974615;None;5cbfe587-7b62-43c7-a371-302a32081e71;0.156521998;131.8025811;140.2384186;3;"R2; 5834S09961: ITC-GIP";1.207627657;1.455769211;87.22101459;2;4;11/14/2021 15:47;11/14/2021 15:47
91;11/14/2021 15:47;1;16;466911.9288503659;258337.29578218985;466913.63204970927;258337.24557811962;None;e15be034-4999-42d9-a0b7-73e8e490e206;0.118863631;304.2039579;165.3008118;3;"R2; 5834S09961: ITC-GIP";2.356174857;1.509096577;87.14622094;2;5;11/14/2021 15:47;11/14/2021 15:47
92;11/14/2021 15:48;1;18;466914.27002650395;258332.04005741124;466913.4035463499;258332.06598828657;None;fc2d6e9e-668a-4026-b88b-41e813a61933;0.119789713;287.0593511;125.3537445;3;"R2; 5834S09961: ITC-GIP";1.123591418;0.972982425;86.04821066;2;5;11/14/2021 15:48;11/14/2021 15:48
93;11/14/2021 15:49;1;12;466913.4116341375;258314.18343563966;466912.6226301913;258314.19048037945;None;999d5f3b-8ea9-4607-985e-b804d77d605b;0.198009598;124.1958457;102.1696701;3;"R2; 5834S09961: ITC-GIP";1.558044687;1.614944464;90.2751651;2;8;11/14/2021 15:49;11/14/2021 15:49
94;11/14/2021 15:49;0;19;466912.53222888114;258312.35668804526;466912.6436543689;258312.35596627137;None;8bfce912-f6db-47e9-830d-0ef750279a3a;0.085565152;179.0124151;114.9137955;3;"R2; 5834S09961: ITC-GIP";0.932377107;0.982717177;89.33056957;2;4;11/14/2021 15:49;11/14/2021 15:49
95;11/14/2021 15:50;0;17;466915.7171034783;258303.89994226932;466912.74027525185;258303.9258448845;None;591c8f79-60b4-4c79-b0bc-a9b4747ccee4;0.139969902;106.5081741;124.2326202;3;"R2; 5834S09961: ITC-GIP";0.994872649;1.095413409;90.02810298;2;5;11/14/2021 15:50;11/14/2021 15:50
96;11/14/2021 15:51;1;13;466914.6190667607;258294.40576711617;466912.84922825;258294.421252798;None;9aecded9-87b1-43b5-a538-0254cb0ae13c;0.374872306;238.9663577;144.0478363;3;"R2; 5834S09961: ITC-GIP";1.386134159;1.154788682;86.79714041;2;5;11/14/2021 15:51;11/14/2021 15:51
97;11/14/2021 15:51;1;17;466916.42486196605;258287.2229618533;466912.93140791263;258287.25330249846;None;d904c978-e73c-47c0-a18e-e29d38e66f21;0.050367823;53.32270955;104.3955154;3;"R2; 5834S09961: ITC-GIP";1.132019312;1.911955896;88.60843822;2;4;11/14/2021 15:51;11/14/2021 15:51
98;11/14/2021 15:52;1;22;466919.31043966574;258248.67408438097;466914.9112225959;258248.0229969485;None;9f1e512e-6b2a-469f-adc0-a97d43d94c8d;0.073292175;264.9434916;123.3461304;3;"R2; 5834S09961: ITC-GIP";1.123248492;1.42774919;91.49149729;2;70;11/14/2021 15:52;11/14/2021 15:52
99;11/20/2021 11:01;1;12;467355.9973493632;258734.7105992207;467356.47897914634;258734.67867657283;None;91c4ed02-8df0-4a28-96d3-e322bd58e20d;0.062893211;252.6784555;236.4419403;3;"R2; 5834S09961: ITC-GIP";0.430420441;1.115483181;88.7853945;4;4;11/20/2021 11:00;11/20/2021 11:01
100;11/20/2021 11:02;1;10;467351.7029100542;258732.87093572132;467356.1778444501;258732.57172842414;None;e6e13460-b067-4aff-abae-f7163e2b8b83;0.061836641;161.6438111;234.1820221;3;"R2; 5834S09961: ITC-GIP";0.784679016;0.859162109;97.25158681;4;3;11/20/2021 11:01;11/20/2021 11:02
101;11/20/2021 11:04;1;15;467353.2253600174;258722.54401624345;467354.7303008191;258722.44361388357;None;377d43c4-c52f-43e9-a22f-1f868929534b;0.022815072;123.1724675;125.4408188;3;"R2; 5834S09961: ITC-GIP";0.933450688;2.020012394;93.89366145;4;4;11/20/2021 11:03;11/20/2021 11:04
102;11/20/2021 11:05;1;12;467351.38117607293;258717.80799363233;467354.04236101836;258717.63021188971;None;6f9ce49b-ba7f-4a52-896b-aed1eb698ef0;0.075098407;135.9581995;186.6989441;3;"R2; 5834S09961: ITC-GIP";2.842375145;3.416608018;98.25437006;4;5;11/20/2021 11:04;11/20/2021 11:05
103;11/20/2021 11:07;1;13;467349.79811283125;258712.08474181514;467352.65033457003;258711.7886203351;None;f77cfbb3-f490-42a1-84f9-4863e97ebd30;0.087484774;250.441454;254.4193115;3;"R2; 5834S09961: ITC-GIP";0.495523046;0.628897966;90.20103957;4;4;11/20/2021 11:06;11/20/2021 11:07
104;11/20/2021 11:08;1;12;467349.2736379331;258705.15441304966;467351.00595066336;258704.97472320267;None;b589c8c6-1dc2-4ca4-b71b-a13584256458;0.023537798;183.1339946;119.4507446;3;"R2; 5834S09961: ITC-GIP";0.482038312;0.635838504;92.99230149;4;4;11/20/2021 11:07;11/20/2021 11:08
105;11/20/2021 11:09;1;12;467347.21598973195;258699.56974582802;467349.4561246736;258699.18823381807;None;a8d7a712-2e14-4f6f-9ee8-6fa64a8c1bc9;0.118400681;203.1475346;119.7465591;3;"R2; 5834S09961: ITC-GIP";0.838709727;1.252123798;88.33647163;4;4;11/20/2021 11:08;11/20/2021 11:09
106;11/20/2021 11:10;1;12;467343.6595546024;258694.37738697312;467347.1888804309;258693.7760636984;None;922d31db-de23-4c8a-98e0-3b39eb70b3fb;0.019311039;307.4867683;132.3600159;3;"R2; 5834S09961: ITC-GIP";0.36356651;0.296861768;89.81375924;4;4;11/20/2021 11:10;11/20/2021 11:10
107;11/20/2021 11:12;1;12;467341.2133391084;258688.4157461364;467344.62020642374;258687.69238086493;None;87bcc359-ffdb-4808-9ccd-b460f642e36e;0.061776025;73.75913788;128.1730804;3;"R2; 5834S09961: ITC-GIP";0.817041502;0.969633879;90.19362737;4;3;11/20/2021 11:11;11/20/2021 11:12
108;11/20/2021 11:14;1;14;467341.0018562644;258680.11253164953;467340.6346818331;258680.19109366793;None;764e0544-ed27-411e-adf3-ca6efdad0885;0.024726769;123.8378395;103.8031311;3;"R2; 5834S09961: ITC-GIP";0.785508511;0.991395287;93.51305345;4;3;11/20/2021 11:13;11/20/2021 11:14
109;11/20/2021 11:15;1;12;467339.2571830656;258676.98532525203;467338.9647096446;258677.04797404248;None;51483669-f11f-4df2-87ea-1eaec31465a5;0.022795967;35.14739199;210.448761;3;"R2; 5834S09961: ITC-GIP";0.529277862;1.085558909;86.53622648;4;3;11/20/2021 11:14;11/20/2021 11:15
110;11/20/2021 11:18;1;12;467335.5430746707;258671.86211744102;467336.142067763;258671.7353565799;None;6164714c-d53b-451e-b57a-7a065acccdba;0.094533016;101.1652305;64.95856476;3;"R2; 5834S09961: ITC-GIP";0.512763661;0.512666407;87.67384075;4;4;11/20/2021 11:17;11/20/2021 11:18
111;11/20/2021 11:20;1;10;467331.6834185342;258666.80644308042;467332.95009437564;258666.4935167184;None;c765f6d3-c59d-4a2a-b41c-dfbd4d007942;0.112557571;143.9226796;209.146698;3;"R2; 5834S09961: ITC-GIP";0.831228054;1.545337801;92.62658059;4;4;11/20/2021 11:19;11/20/2021 11:20
112;11/20/2021 11:20;1;10;467329.5831405436;258663.27471499628;467330.75589962135;258662.984959469;None;4dedd42f-10dc-44cf-ab42-a623b1f86be0;0.065500055;5.566577252;236.1986084;3;"R2; 5834S09961: ITC-GIP";0.783519464;0.75501991;80.79364733;4;3;11/20/2021 11:20;11/20/2021 11:20
113;11/20/2021 11:22;1;10;467324.8254420126;258655.5105258209;467325.91347129527;258655.24180356401;None;6f0e322f-1b9d-4768-9f81-180a8ffe4fae;0.146857249;86.35848777;262.9866638;3;"R2; 5834S09961: ITC-GIP";1.049915317;1.33990469;90.23309945;4;3;11/20/2021 11:21;11/20/2021 11:22
114;11/20/2021 11:23;1;12;467321.0910282195;258653.62045137712;467324.1520462302;258652.69006635546;None;ea3bbd26-b47f-430e-9b01-7b2c71838500;0.157479325;149.3227157;266.9720459;3;"R2; 5834S09961: ITC-GIP";0.47935888;0.691210482;90.06749783;4;3;11/20/2021 11:22;11/20/2021 11:23
115;11/20/2021 11:23;1;11;467318.0326045632;258646.26916644303;467318.9420368236;258645.99323112558;None;7058b44d-6053-4325-9ff4-eb9f445c16a1;0.05169368;338.0811682;257.259613;3;"R2; 5834S09961: ITC-GIP";0.37372668;0.675608977;93.26487874;4;4;11/20/2021 11:23;11/20/2021 11:23
116;11/20/2021 11:25;1;17;467315.3146077718;258643.11260345858;467316.4360943506;258642.7721367889;None;21b2ffeb-4f50-400e-8611-8528f3450c1c;0.020260269;149.4346531;167.8968048;3;"R2; 5834S09961: ITC-GIP";0.504334614;0.589392705;88.58429484;4;3;11/20/2021 11:24;11/20/2021 11:25
117;11/20/2021 11:25;1;12;467296.1233111383;258652.27115824632;467318.5255869668;258645.457934228;None;ffbd7040-e368-4b9e-a4c5-4a7ace5e652c;0.033671102;224.8239143;175.0581207;3;"R2; 5834S09961: ITC-GIP";0.325767425;0.36404199;88.07494555;4;4;11/20/2021 11:25;11/20/2021 11:25
118;11/20/2021 11:27;1;12;467308.0041631727;258631.89358161838;467308.0035204406;258631.89441143328;None;71aff113-b7e9-498b-bd0a-3610b79d2b10;0.086997706;247.6076931;254.4844513;3;"R2; 5834S09961: ITC-GIP";0.684759951;0.929168623;89.91448526;4;3;11/20/2021 11:26;11/20/2021 11:27
119;11/20/2021 11:29;1;17;467305.3037000348;258627.29017545495;467304.6694854791;258627.4783218786;Veel zwammen bovenste helft;7b09b549-0ca9-4548-a412-1941055bb623;0.105548833;292.7315257;265.2892761;3;"R2; 5834S09961: ITC-GIP";0.768180439;1.046234901;91.71433871;4;3;11/20/2021 11:28;11/20/2021 11:29
120;11/20/2021 11:30;1;12;467301.19001412246;258622.64186550496;467301.049870732;258622.68395547295;None;fdd65bc0-480f-4e26-9740-c3fc0b536b0a;0.153802048;137.8713718;300.0214844;3;"R2; 5834S09961: ITC-GIP";0.561649954;0.75971007;92.65498118;4;4;11/20/2021 11:29;11/20/2021 11:30
121;11/20/2021 11:31;1;11;467296.5106075241;258615.78598894738;467295.40989086666;258616.33493584202;None;b181a8a9-6345-4998-937a-b27ded976a80;0.045186838;314.5534009;260.0633545;3;"R2; 5834S09961: ITC-GIP";0.772568294;0.944092276;84.95236784;4;3;11/20/2021 11:31;11/20/2021 11:31
122;11/20/2021 11:33;1;15;467292.2938200272;258611.10382894045;467290.0466729605;258612.22363401647;None;265476d3-ff72-4e66-b3c8-aa65112eb6c4;0.067908573;357.2773887;151.2439728;3;"R2; 5834S09961: ITC-GIP";0.956565556;0.893594935;86.97103661;4;3;11/20/2021 11:32;11/20/2021 11:33
123;11/20/2021 11:35;0;25;467289.74652516097;258609.51610466244;467287.78801861644;258610.49220546865;None;649a9c02-4b4b-4983-a460-695c8c9cd5c8;0.083787603;357.7989435;249.1567535;3;"R2; 5834S09961: ITC-GIP";0.862635356;1.52579785;88.72326516;4;4;11/20/2021 11:34;11/20/2021 11:35
124;11/20/2021 11:36;0;17;467282.20691337297;258604.53195169574;467280.8297572405;258605.2518989354;None;547586dd-b8e4-4b01-ba07-f17a25efd041;0.039228366;180.8503184;149.5434875;3;"R2; 5834S09961: ITC-GIP";0.574244167;0.878464658;91.06053256;4;4;11/20/2021 11:35;11/20/2021 11:36
125;11/20/2021 11:40;1;13;467273.1282116823;258601.1470725054;467273.6163742379;258600.78107206698;None;ed0d0fc4-d40f-4d47-9a47-3a5ac649d8f6;0.064865127;125.0203343;281.7760315;3;"R2; 5834S09961: ITC-GIP";0.713600942;1.12906134;89.50215064;4;3;11/20/2021 11:36;11/20/2021 11:40
126;11/20/2021 11:41;1;9;467269.90252271836;258598.30178055816;467269.4008986811;258598.68042791027;None;b359bc72-0e47-416f-b174-c93bd2de10f5;0.047041418;206.5937558;262.2136841;3;"R2; 5834S09961: ITC-GIP";0.594818488;1.006257608;88.27839038;4;4;11/20/2021 11:40;11/20/2021 11:41
127;11/20/2021 11:42;1;11;467262.8327515413;258595.0297907272;467262.5318360191;258595.25744658196;None;927c0354-2164-431b-8028-f8acc4a8b7c1;0.134916447;231.4363031;186.1050262;3;"R2; 5834S09961: ITC-GIP";0.719525616;0.592613258;89.08303736;4;4;11/20/2021 11:41;11/20/2021 11:42
128;11/20/2021 11:43;1;11;467259.1872869207;258592.81400738843;467258.4180202602;258593.55073202762;None;748290a5-cb38-48e7-8d8e-a47fc1ef5446;0.07535237;219.1174886;255.7221832;3;"R2; 5834S09961: ITC-GIP";0.325101865;0.461563202;87.9002091;4;4;11/20/2021 11:42;11/20/2021 11:43
129;11/20/2021 11:45;1;11;467252.34854880994;258590.79845131453;467252.05407617084;258591.08141196123;Dood;9073c9fb-6384-4c89-9035-6a18ea576394;0.027881961;260.3985142;239.9165802;3;"R2; 5834S09961: ITC-GIP";0.522976419;0.626927655;88.22669836;4;3;11/20/2021 11:44;11/20/2021 11:45
130;11/20/2021 11:46;0;17;467248.64034718106;258587.9777171553;467247.3174892007;258589.243529847;None;68586673-e54a-44e2-a3d8-9d7ebdeec084;0.05557223;167.5543752;254.4879303;3;"R2; 5834S09961: ITC-GIP";0.417996869;0.575051155;88.47758786;4;3;11/20/2021 11:45;11/20/2021 11:46
131;11/20/2021 11:47;0;24;467243.310536623;258586.48462102388;467242.4670159003;258587.48435462423;None;3675195c-71ef-4baa-875c-de69cc6595d2;0.077965752;36.23958426;253.5821381;3;"R2; 5834S09961: ITC-GIP";0.393812112;1.326941282;87.77150543;4;3;11/20/2021 11:46;11/20/2021 11:47
132;11/21/2021 11:57;1;10;467235.81013589277;258585.24084992852;467235.6914213579;258585.38314571918;None;e081c39e-a66f-4d63-b8df-b31843c769f5;0.127764678;81.98655814;105.9650574;3;"R2; 5834S09961: ITC-GIP";0.213134527;1.110249819;89.00774352;4;3;11/21/2021 11:57;11/21/2021 11:57
133;11/21/2021 11:58;1;8;467230.22661146405;258581.77926793252;467228.94925518223;258583.29229701392;None;08cac0e0-40d8-438a-a175-bd4a4f22859c;0.043913083;15.21960397;94.79047394;3;"R2; 5834S09961: ITC-GIP";0.234476233;0.393708006;90.47075471;4;3;11/21/2021 11:58;11/21/2021 11:58
134;11/21/2021 12:00;1;12;467223.8843530175;258582.75058402948;467224.2909166678;258582.1194911332;None;22d1b938-480c-478f-a0b8-e3587be31365;0.100303546;349.5785543;239.8236084;3;"R2; 5834S09961: ITC-GIP";0.473323018;0.295363659;87.42498706;4;4;11/21/2021 11:59;11/21/2021 12:00
135;11/21/2021 12:02;1;11;467218.2980895909;258581.92852558603;467218.9685622967;258580.88629732712;None;5cee195c-6a6f-4696-8b80-f69d10034f57;0.073477771;160.6795308;217.381485;3;"R2; 5834S09961: ITC-GIP";0.576440759;0.879301154;88.60678112;4;3;11/21/2021 12:01;11/21/2021 12:02
136;11/21/2021 12:03;1;12;467212.95003582333;258580.15092081018;467213.03395451664;258579.56571895038;None;3b97fd2d-109e-4dc3-80a9-1c7a6ed5abcd;0.041240915;8.463985716;240.3781738;3;"R2; 5834S09961: ITC-GIP";0.473139009;0.396243129;91.9016129;4;4;11/21/2021 12:02;11/21/2021 12:03
137;11/21/2021 12:04;0;20;467214.52749133203;258582.2495105268;467215.86550927174;258580.16731605236;None;02c33a20-a5e7-47a6-97bb-b9063dce771a;0.096077148;273.1376215;224.0391083;3;"R2; 5834S09961: ITC-GIP";0.369226749;0.330424127;90.88494088;4;4;11/21/2021 12:03;11/21/2021 12:04
138;11/21/2021 12:05;1;10;467200.9030400281;258580.64730682076;467201.1246104553;258579.0848109937;None;d2cb56c1-d47d-4c5b-b2d7-7043f350327f;0.06008113;283.1256677;161.5645447;3;"R2; 5834S09961: ITC-GIP";0.393231294;0.452577355;87.67073154;4;4;11/21/2021 12:04;11/21/2021 12:05
139;11/21/2021 12:06;1;15;467189.0633819354;258578.76658527245;467189.17111956823;258579.42864403856;None;315ffeba-bb7f-4f2c-9d3c-c30788169679;0.004189777;353.1532765;160.4216919;3;"R2; 5834S09961: ITC-GIP";0.223013761;0.392813096;90.11859614;4;4;11/21/2021 12:05;11/21/2021 12:06
140;11/21/2021 12:07;1;13;467185.72855531203;258581.62020910432;467185.4221079633;258579.70461618903;None;2c815285-f80f-41b4-ad01-b56ee2c7c9a2;0.04161323;70.7586413;148.2259369;3;"R2; 5834S09961: ITC-GIP";0.529348085;0.808606436;90.33382097;4;4;11/21/2021 12:07;11/21/2021 12:07
141;11/21/2021 12:08;1;15;467180.6801327409;258582.57051837904;467180.2817968641;258580.08300510395;None;ca18e815-75a4-4211-bb41-2d8627447370;0.127252147;43.80276149;164.0387115;3;"R2; 5834S09961: ITC-GIP";0.566173929;1.258878178;91.00204516;4;3;11/21/2021 12:08;11/21/2021 12:08
142;11/21/2021 12:09;1;12;467179.57551443786;258582.5424154024;467179.1945641865;258580.16303861464;Kwijnend ;fc1ba71e-ff48-4867-826d-9849ab733189;0.020235778;264.1360009;157.8922577;3;"R2; 5834S09961: ITC-GIP";0.31756231;0.545988147;91.64785087;4;4;11/21/2021 12:09;11/21/2021 12:09
143;11/21/2021 12:10;1;18;467174.38637128856;258581.67667937576;467174.12157216767;258580.59415316017;None;70bc5c84-8ad5-47ed-b4f3-13a87d5018a9;0.04721169;42.5001174;161.3484497;3;"R2; 5834S09961: ITC-GIP";0.596899491;0.732242168;118.5050969;4;4;11/21/2021 12:10;11/21/2021 12:10
144;11/21/2021 12:11;1;13;467162.70058718615;258582.98297571318;467162.39771734166;258581.9112235973;None;81948712-2b53-4b88-9119-1580ea9bb275;0.103658386;55.05154612;57.94062042;3;"R2; 5834S09961: ITC-GIP";0.43186454;0.823267436;88.15436767;4;4;11/21/2021 12:11;11/21/2021 12:11
145;11/21/2021 12:12;1;13;467155.07588553865;258583.25050008908;467154.9505598763;258582.80407584156;Gezond?;bd585fed-3139-4d87-a078-ceceb117ab4e;0.022682478;41.06177804;154.2490997;3;"R2; 5834S09961: ITC-GIP";0.447524525;0.533363954;93.13208962;4;3;11/21/2021 12:12;11/21/2021 12:12
146;11/21/2021 12:13;1;12;467152.72463158634;258588.58932984137;467152.20670724055;258583.0633292783;None;787bebc1-934b-4697-bdc9-b5a3414fa43a;0.06211332;197.8081137;161.4278107;3;"R2; 5834S09961: ITC-GIP";0.233282586;0.621507753;83.8441488;4;3;11/21/2021 12:13;11/21/2021 12:13
147;11/21/2021 12:15;1;15;467143.59573017183;258587.76535648585;467143.19643021206;258583.50004687303;Bovenste helft dood;046e1532-a496-43f6-a0a7-158bc2b384ec;0.065930924;182.6617749;170.9475861;3;"R2; 5834S09961: ITC-GIP";0.506694055;0.897991455;95.30519515;4;4;11/21/2021 12:14;11/21/2021 12:15
148;11/21/2021 12:16;1;13;467137.12854049134;258583.34047414782;467137.17235638906;258583.7920271375;Top dood;ec0e00cd-f049-415d-bb11-160ad6959ebd;0.030049567;313.7397836;164.1349945;3;"R2; 5834S09961: ITC-GIP";0.355610869;0.40094254;91.41787389;4;4;11/21/2021 12:15;11/21/2021 12:16
149;11/21/2021 12:18;1;13;467133.2869579124;258586.59979980957;467132.7477927513;258584.06377499894;Hangt naar weiland. Top dood. ;60157f8e-2a9b-49a2-bcff-8a1da5c10360;0.080726434;76.29141698;120.0769272;3;"R2; 5834S09961: ITC-GIP";0.212356083;0.314151244;88.20420646;4;3;11/21/2021 12:17;11/21/2021 12:18
150;11/21/2021 12:19;1;12;467126.37873582996;258587.1191133298;467125.8658132068;258584.70615198524;Stervend;941b41fe-eeb9-4d7d-85fc-96fd5055044b;0.027141597;127.2651492;140.6738586;3;"R2; 5834S09961: ITC-GIP";0.205925995;0.58276687;89.19063686;4;3;11/21/2021 12:18;11/21/2021 12:19
151;11/21/2021 12:21;1;17;467115.1772721439;258588.243038519;467114.6110222239;258585.77313440447;Bovenste helft dood;aea6f63e-b971-4826-91b9-1fb3ca7e5c69;0.062265459;179.7387482;136.8188477;3;"R2; 5834S09961: ITC-GIP";0.176464747;0.283113828;87.82633297;4;3;11/21/2021 12:20;11/21/2021 12:21
152;11/21/2021 12:22;1;15;467108.94007439667;258587.42744117585;467108.69663825334;258586.36225350254;Gekandelaberd;38996900-a8f2-485c-8290-9e35fa64af80;0.04939636;301.348398;97.83087158;3;"R2; 5834S09961: ITC-GIP";0.240551345;0.989341342;89.57621679;4;4;11/21/2021 12:21;11/21/2021 12:22
153;11/21/2021 12:23;1;14;467103.29985798226;258587.4856518537;467103.16956965916;258586.91279391982;Gekandelaberd;fcc7eba5-84b3-4c92-b0fd-07fc6212b194;0.07176009;40.46659119;115.5138855;3;"R2; 5834S09961: ITC-GIP";0.21144317;0.245781476;90.6693368;4;4;11/21/2021 12:22;11/21/2021 12:23
154;11/21/2021 12:25;1;12;467097.6992907639;258589.65246221825;467097.35149381624;258587.48135841815;Kwijnend ;7bb69fb3-acb7-42ff-88d0-c7b7969a0313;0.080335718;235.7940438;110.2825165;3;"R2; 5834S09961: ITC-GIP";0.318795526;0.290334656;87.82553152;4;3;11/21/2021 12:24;11/21/2021 12:25
155;11/21/2021 12:26;1;15;467091.2543472163;258590.93147071975;467090.7787345301;258587.9655004388;Gekandelaberd ;e7581a96-82e8-43f9-b051-bb6a9d9f0a4b;0.181504688;310.6599235;137.5153198;3;"R2; 5834S09961: ITC-GIP";0.20474034;0.261616309;87.8369216;4;4;11/21/2021 12:26;11/21/2021 12:26
156;11/21/2021 12:27;1;8;467084.9297482826;258590.19438564888;467084.64534066274;258588.4172800848;Lang geleden gekapt;194a5dce-44e1-4744-9dfd-9632fc1cd7e7;0.094010822;232.2501004;139.5149536;3;"R2; 5834S09961: ITC-GIP";0.118874916;0.400207595;90.03287079;4;4;11/21/2021 12:27;11/21/2021 12:27
157;11/21/2021 12:28;0;19;467079.4221706854;258590.5285401072;467079.7824968981;258588.59504521766;None;b730e3bd-d7ff-4ba8-9038-07b9641fa757;0.118352962;103.0580831;150.4718781;3;"R2; 5834S09961: ITC-GIP";0.247244941;0.369730373;91.00932694;4;3;11/21/2021 12:28;11/21/2021 12:28
158;11/21/2021 12:29;1;14;467070.2115016072;258589.77805498464;467070.53102370433;258588.0644546586;None;3305633f-3919-421d-a3ac-a4beac5c70ec;0.087920502;0.283443942;128.6706085;3;"R2; 5834S09961: ITC-GIP";0.237156326;0.370073727;91.70286364;4;4;11/21/2021 12:29;11/21/2021 12:29
159;11/21/2021 12:30;1;11;467065.8935298039;258589.7840343124;467066.2595790483;258587.81947778148;Tip dood;feec192c-bb5c-4d7d-93f3-697f926347b9;0.025929342;181.434733;113.5033722;3;"R2; 5834S09961: ITC-GIP";0.394912418;0.45688173;88.39145782;4;4;11/21/2021 12:30;11/21/2021 12:30
160;11/21/2021 12:31;1;15;467060.71446109493;258589.27491587357;467062.4160312564;258586.91264391923;None;8e39014e-9c60-4ca3-bd21-c91d1087f148;0.073944187;270.6921373;118.060112;3;"R2; 5834S09961: ITC-GIP";0.210376775;0.386433066;89.24958019;4;3;11/21/2021 12:31;11/21/2021 12:31
161;11/21/2021 12:33;1;14;467053.46716045734;258587.78479425807;467055.4147121048;258585.08067821246;None;74b29a27-880b-4b10-a6f9-b8bab2001be2;0.151078647;37.33982794;105.2837372;3;"R2; 5834S09961: ITC-GIP";0.247373221;0.420259114;87.62606168;4;3;11/21/2021 12:32;11/21/2021 12:33
162;11/21/2021 12:34;0;21;467050.4354408417;258586.822121118;467050.9534519181;258584.06958240975;None;d9a0a411-dcb3-4301-99bc-4be5440a0c25;0.086733079;34.38899997;51.19018555;3;"R2; 5834S09961: ITC-GIP";0.238397827;0.463646798;90.20611703;4;4;11/21/2021 12:34;11/21/2021 12:34
163;11/21/2021 12:36;0;25;467035.6538750283;258584.91577622545;467038.0372321626;258583.3186747825;Klimop to the top;f5d07831-f6d9-4b92-917d-f6510cbc839d;0.037290888;245.8612239;119.9415512;3;"R2; 5834S09961: ITC-GIP";0.222150051;0.203597638;87.11691677;4;4;11/21/2021 12:35;11/21/2021 12:36
164;11/21/2021 12:37;1;18;467027.39228199515;258580.10285806123;467029.8075609872;258578.53572189226;None;27fc96de-9e3a-44c5-8c95-038e994ad637;0.038154226;210.7510846;231.3356171;3;"R2; 5834S09961: ITC-GIP";0.334294683;1.069830769;87.26984886;4;3;11/21/2021 12:36;11/21/2021 12:37
165;11/21/2021 12:38;1;15;467022.23696171335;258579.0792386352;467025.1346093988;258576.13643370033;None;4dc51c6a-5136-415b-9d93-bdc976d6702a;0.103346543;102.3521262;251.4891052;3;"R2; 5834S09961: ITC-GIP";0.240091982;0.776404781;88.72852645;4;4;11/21/2021 12:37;11/21/2021 12:38
166;11/21/2021 12:39;1;16;467016.83713005926;258565.5532724019;467008.5292581638;258569.5217271898;None;d143e75c-b00a-4840-b7a0-6f2ac1d788a8;0.107875806;322.3534301;283.7622375;3;"R2; 5834S09961: ITC-GIP";0.395001286;1.630519545;98.58326788;4;3;11/21/2021 12:38;11/21/2021 12:39
167;11/21/2021 12:40;1;15;467011.7278706256;258571.1516477515;467011.65221489326;258571.23016736144;None;58f82880-814c-4221-add0-c43027d0e6e6;0.077493634;330.0323564;283.4784851;3;"R2; 5834S09961: ITC-GIP";0.402663802;0.72746456;90.0510183;4;3;11/21/2021 12:40;11/21/2021 12:40
168;11/21/2021 12:41;1;18;467006.12977335823;258568.3219901479;467006.69513558917;258568.0528808601;None;ab78f95d-4f75-42b7-98d4-1559917ffd32;0.073837338;200.5383018;294.4458313;3;"R2; 5834S09961: ITC-GIP";0.154429358;0.414120929;89.03033996;4;4;11/21/2021 12:41;11/21/2021 12:41
169;11/21/2021 12:43;1;14;467002.49900287366;258565.7422805956;467003.32089861867;258565.3506391095;Iets hangend over pad;257b18d7-5fbe-47a2-841c-8cb47f26e376;0.075556938;16.53095923;292.4994202;3;"R2; 5834S09961: ITC-GIP";0.478137502;0.719939377;86.70182515;4;4;11/21/2021 12:42;11/21/2021 12:43
170;11/21/2021 12:44;1;17;466997.83548132546;258562.52762604613;466999.06423287623;258561.94170137972;None;7e2dafc1-6764-4f24-8823-95a51b273ac9;0.143680723;2.590243763;268.7232666;3;"R2; 5834S09961: ITC-GIP";0.31705888;0.552871397;88.01115017;4;4;11/21/2021 12:44;11/21/2021 12:44
171;11/21/2021 12:47;1;14;466991.7833460182;258558.42070755357;466993.3057377076;258557.51590664955;None;139343df-cf0c-4dde-8009-7de16235466e;0.137403071;182.8066191;305.764679;3;"R2; 5834S09961: ITC-GIP";0.473435912;0.413846544;87.77535371;4;5;11/21/2021 12:47;11/21/2021 12:47
172;11/21/2021 12:48;1;14;466985.6284912117;258554.61531016088;466987.2425296076;258553.65594019069;None;766e522f-49b3-49f6-98f7-a423f68e59d5;0.046169343;117.9862246;303.0317078;3;"R2; 5834S09961: ITC-GIP";0.459888898;1.013317767;84.41861571;4;3;11/21/2021 12:48;11/21/2021 12:48
173;11/21/2021 12:50;1;13;466984.80043067026;258550.83159733523;466983.77040557977;258551.4455073682;None;d589ab4c-cdf8-424f-88b2-843761f2c460;0.037496433;83.48359109;290.346283;3;"R2; 5834S09961: ITC-GIP";0.539942213;0.953503278;88.67597142;4;3;11/21/2021 12:50;11/21/2021 12:50
174;11/21/2021 12:52;1;14;466978.7996977656;258547.26787679203;466977.97793207265;258547.757878966;None;8ad540b1-49a4-4cb2-98a9-6a100032f6f4;0.066855107;33.318146;300.6852112;3;"R2; 5834S09961: ITC-GIP";0.712245911;0.374088272;89.32982493;4;4;11/21/2021 12:51;11/21/2021 12:52
175;11/21/2021 12:53;1;13;466974.75805157126;258543.93252927184;466974.6552724952;258543.95866883622;None;b1307371-9c91-4a26-9ff5-42f97f1a5d01;0.113951759;221.3150659;304.1985474;3;"R2; 5834S09961: ITC-GIP";0.256612643;0.398009527;88.59392063;4;3;11/21/2021 12:52;11/21/2021 12:53
176;11/21/2021 12:55;1;12;466969.97944535804;258538.56315134396;466970.9891537797;258538.23625171394;None;5e4c7070-e81b-4145-b461-02d725ba5c62;0.08103479;22.43332451;33.28673935;3;"R2; 5834S09961: ITC-GIP";0.437879964;0.71303427;90.22923999;4;4;11/21/2021 12:54;11/21/2021 12:55
177;11/21/2021 12:56;1;14;466964.85219518235;258535.36292622623;466967.8007263434;258534.40700261743;None;100d2e21-5fcc-4be7-8673-0af9d7407928;0.041655568;215.9652005;297.914032;3;"R2; 5834S09961: ITC-GIP";0.369802473;0.331956035;88.9130032;4;3;11/21/2021 12:55;11/21/2021 12:56
178;11/21/2021 12:57;1;14;466962.7145912405;258530.8985324377;466964.4194151352;258530.3460939459;None;1429c504-d3ed-4247-8c79-d6860cbb6f50;0.038518775;315.7419817;299.9399414;3;"R2; 5834S09961: ITC-GIP";0.62624246;1.123567168;87.1031763;4;3;11/21/2021 12:57;11/21/2021 12:57
179;11/21/2021 12:58;1;8;466961.36666651524;258529.2383471426;466963.0443943481;258528.69470997519;None;384bb5e1-8f76-412b-b806-d9258baa11c7;0.097522105;81.18531652;303.7702332;3;"R2; 5834S09961: ITC-GIP";0.404072302;0.594929738;88.43303757;4;4;11/21/2021 12:58;11/21/2021 12:58
180;11/21/2021 13:00;1;14;466959.695691428;258528.14986703702;466962.0789607367;258527.4466507285;None;08d4c173-d575-4d09-932e-570b499ba38a;0.058997907;82.09446502;299.6705017;3;"R2; 5834S09961: ITC-GIP";0.205973574;0.356162226;89.37342246;4;4;11/21/2021 12:59;11/21/2021 13:00
181;11/21/2021 13:02;0;22;466955.4255888778;258520.80075800908;466956.76874218957;258520.40472282754;None;b2bb3b18-c239-468c-8f5b-f306771dbfdc;0.022725143;116.8425833;315.7808838;3;"R2; 5834S09961: ITC-GIP";0.294510888;0.464942186;89.60307873;4;3;11/21/2021 13:02;11/21/2021 13:02
182;11/21/2021 13:04;1;12;466948.9933714199;258519.06354521157;466954.5257765995;258517.43029770872;None;be06f369-a693-41fa-943c-b67410b760c3;0.066122421;270.8634576;125.7492981;3;"R2; 5834S09961: ITC-GIP";0.274299054;0.567915484;88.63749885;4;4;11/21/2021 13:03;11/21/2021 13:04
183;11/21/2021 13:05;1;9;466944.5284209578;258514.7494961965;466951.05191825965;258512.82356006556;None;c19a06a4-998e-4543-a330-76879094a7a7;0.121435536;175.0242829;280.6071777;3;"R2; 5834S09961: ITC-GIP";0.194334893;0.388241393;89.21636942;4;4;11/21/2021 13:04;11/21/2021 13:05
184;11/21/2021 13:06;1;11;466941.83756049443;258509.26554861615;466946.7841328301;258507.60840815498;None;30205612-80ed-4770-9b8e-092af1510781;0.065588715;16.4611232;267.9488525;3;"R2; 5834S09961: ITC-GIP";0.343983773;0.466797448;88.76342093;4;4;11/21/2021 13:06;11/21/2021 13:06
185;11/21/2021 13:07;1;7;466937.6573786873;258502.54325108137;466941.35325554357;258501.30527299957;None;0b6fb263-0a0e-4a51-9700-fceb616dd0fa;0.032719418;3.12291271;287.1079407;3;"R2; 5834S09961: ITC-GIP";0.128769827;0.463991924;87.71812021;4;4;11/21/2021 13:07;11/21/2021 13:07
186;11/21/2021 13:08;1;9;466936.74296350084;258499.57653084508;466939.1649505386;258498.76549586235;None;69225d5f-b47f-407d-9530-286e9cc003c0;0.044364134;252.4991143;310.8019714;3;"R2; 5834S09961: ITC-GIP";0.513013035;0.421979103;88.20563599;4;3;11/21/2021 13:08;11/21/2021 13:08
187;11/21/2021 13:09;1;9;466933.6818197132;258498.1071785424;466937.6500431409;258497.00727110918;None;0220228e-2cc2-4299-9c84-1090230a0362;0.028704076;31.20912636;290.3180542;3;"R2; 5834S09961: ITC-GIP";0.386636153;0.637057913;87.62846226;4;4;11/21/2021 13:09;11/21/2021 13:09
188;11/21/2021 13:11;0;17;466934.09727158194;258494.5504075085;466936.54704205436;258494.16181090014;None;89948fb0-f01f-45c5-9504-1af8e089304e;0.030467116;47.99205632;294.8578796;3;"R2; 5834S09961: ITC-GIP";0.631555105;0.73172932;88.74604988;4;3;11/21/2021 13:10;11/21/2021 13:11
189;11/21/2021 13:12;1;9;466925.65534276364;258483.74902812394;466932.11331075797;258482.72386494227;None;871be3f7-57bb-4d87-a227-cd9b0987d237;0.099752578;168.5466608;312.1199036;3;"R2; 5834S09961: ITC-GIP";0.655059461;0.782086564;78.429092;4;3;11/21/2021 13:12;11/21/2021 13:12
190;11/21/2021 13:15;1;9;466928.57524547155;258481.44354076203;466931.3110341971;258480.88941058255;None;0eb14d2a-f4cd-4ac4-89fd-d1a9361e6344;0.092217992;336.7873535;330.4958801;3;"R2; 5834S09961: ITC-GIP";0.318685459;0.4573368;89.07790026;4;4;11/21/2021 13:15;11/21/2021 13:15
191;11/21/2021 13:16;1;8;466923.0048801761;258479.56330726584;466929.93193856685;258478.15943481377;Kwijnend ;c98a2ec0-ea28-439a-81da-236b55db6d82;0.084767763;93.47600027;339.9089966;3;"R2; 5834S09961: ITC-GIP";0.383731503;0.484898534;83.0054163;4;3;11/21/2021 13:16;11/21/2021 13:16
192;11/21/2021 13:18;1;10;466924.9021046576;258475.2843484822;466928.1474271841;258474.62691544613;Tip dood?;d8ee0b89-aa14-46a1-963a-ae3d82199926;0.156805247;341.609065;334.8622131;3;"R2; 5834S09961: ITC-GIP";0.342987555;0.480559855;87.80740464;4;4;11/21/2021 13:17;11/21/2021 13:18
193;11/21/2021 13:19;1;11;466921.5084375602;258471.42590468953;466926.06408131146;258470.5028304376;None;a960367c-4b4f-4593-b942-af07a1f94bb6;0.0527597;51.15166311;348.3967285;3;"R2; 5834S09961: ITC-GIP";0.377214513;0.451150998;87.75070433;4;4;11/21/2021 13:19;11/21/2021 13:19
194;11/21/2021 13:20;1;8;466921.55241012725;258467.50566283555;466924.54271833744;258467.0943824505;None;b771e3a0-8cfa-4d80-bd0f-9b8ab79816be;0.068432697;194.7089605;318.5245972;3;"R2; 5834S09961: ITC-GIP";0.164062732;0.350857521;88.23819556;4;3;11/21/2021 13:19;11/21/2021 13:20
195;11/21/2021 13:21;1;14;466920.2694737695;258462.34121749495;466922.85074792994;258461.98624105655;None;c5ed8856-0d5e-49cd-a08f-a5a341a079dc;0.051088738;187.4664521;310.4762268;3;"R2; 5834S09961: ITC-GIP";0.170325222;1.166958287;85.51524595;4;3;11/21/2021 13:21;11/21/2021 13:21
196;11/21/2021 13:22;1;12;466918.63347641256;258455.78025602706;466920.70100131887;258455.49602302824;None;26d0c454-26e2-404a-b8f1-858f2817411e;0.033178104;39.27850905;254.4686737;3;"R2; 5834S09961: ITC-GIP";0.132306017;0.428566198;87.76909642;4;3;11/21/2021 13:22;11/21/2021 13:22
197;11/21/2021 13:24;1;11;466918.059125668;258450.06806583982;466918.86643794295;258449.9573380262;None;32850167-e9b4-4df0-8922-a01255fc0deb;0.042264011;330.7108646;348.136322;3;"R2; 5834S09961: ITC-GIP";0.100001147;0.099998851;89.19636935;4;3;11/21/2021 13:23;11/21/2021 13:24
198;11/21/2021 13:25;1;14;466917.40698691766;258443.02581518263;466918.5110573105;258443.00688788417;None;1b632883-8fa4-4b6f-9f40-932ff7b7e830;0.056880761;233.4508238;329.7403259;3;"R2; 5834S09961: ITC-GIP";0.237478776;0.332243384;88.90589077;4;4;11/21/2021 13:24;11/21/2021 13:25
199;11/21/2021 13:26;0;17;466914.96678175294;258437.0673284771;466918.4412735497;258437.00722216722;None;794d4eff-9988-4556-a66a-fa7c59c56bcf;0.043245443;2.617365383;339.3638306;3;"R2; 5834S09961: ITC-GIP";0.292770528;0.431145367;85.44623469;4;3;11/21/2021 13:25;11/21/2021 13:26
200;11/21/2021 13:27;1;7;466914.08454816026;258435.11025005078;466918.41833835543;258435.03522990545;None;7d6e439e-5cb6-465f-b92d-395fb43c0057;0.08663612;194.792525;343.8302917;3;"R2; 5834S09961: ITC-GIP";0.199672594;0.278845791;88.69766695;4;5;11/21/2021 13:26;11/21/2021 13:27
201;11/21/2021 13:28;1;13;466913.2457866031;258430.69654590392;466918.27420221985;258430.52905567817;None;50119071-1089-4aab-8906-10a1bff95da2;0.044355943;44.80355152;341.9832764;3;"R2; 5834S09961: ITC-GIP";0.134493815;0.231526951;85.33403735;4;3;11/21/2021 13:28;11/21/2021 13:28
202;11/21/2021 13:29;1;10;466915.3392721985;258425.63072004204;466918.00507782295;258425.54205373162;None;0e755944-a118-479c-acb5-6183d3c17e9e;0.079475661;212.7213451;348.5731201;3;"R2; 5834S09961: ITC-GIP";0.267956993;0.347744931;86.31023936;4;3;11/21/2021 13:29;11/21/2021 13:29
203;11/21/2021 13:30;1;12;466914.9860672497;258420.9687950728;466917.75331858435;258420.8767518462;None;146aece6-961f-4733-9908-3578526afad9;0.044060883;319.737402;356.719574;3;"R2; 5834S09961: ITC-GIP";0.317491516;0.468410307;87.8402723;4;3;11/21/2021 13:30;11/21/2021 13:30
204;11/21/2021 13:31;1;13;466914.3401386393;258411.33802413935;466917.2333887885;258411.24177447817;None;0352dc4e-ab99-4366-a15b-9f542b71feaf;0.042537304;0.352076569;336.6479492;3;"R2; 5834S09961: ITC-GIP";0.14518364;0.255000929;84.93563338;4;3;11/21/2021 13:31;11/21/2021 13:31
205;11/21/2021 13:33;1;16;466914.03463347023;258401.2243821087;466916.517108801;258401.12118327979;None;af22cb9c-2af2-4220-987c-8f56aa799c5d;0.049675869;65.93953328;330.8722839;3;"R2; 5834S09961: ITC-GIP";0.301689132;0.612861755;88.50165179;4;3;11/21/2021 13:32;11/21/2021 13:33
206;11/21/2021 13:34;1;11;466914.7464781952;258394.63792379142;466916.0201888874;258394.58511565867;None;d69a7cb5-a299-4402-bf81-a6f0e80e480a;0.12038774;328.1765841;341.894165;3;"R2; 5834S09961: ITC-GIP";0.302610769;0.507141248;89.188773;4;3;11/21/2021 13:34;11/21/2021 13:34
207;11/21/2021 13:35;1;14;466913.76468003035;258388.86409074755;466915.57951283874;258388.788736907;None;b8b3321c-a059-445c-8b4e-a9aa68297af4;0.067681071;336.1497888;327.3420105;3;"R2; 5834S09961: ITC-GIP";0.298843667;0.763951327;91.66983401;4;3;11/21/2021 13:35;11/21/2021 13:35
208;11/21/2021 13:36;1;10;466913.1587052516;258384.13438939207;466915.21915733715;258384.0487777815;None;86431ab8-1c6b-4353-b16a-7a54519fc51e;0.017312503;275.7687561;323.6843872;3;"R2; 5834S09961: ITC-GIP";0.26426626;0.39318276;84.82621553;4;4;11/21/2021 13:36;11/21/2021 13:36
209;11/21/2021 13:37;1;9;466914.34628080355;258377.94862818244;466914.7541295653;258377.93191632032;None;b045ac08-77e2-4d9d-b302-1eb241425635;0.208294384;119.414973;315.6360168;3;"R2; 5834S09961: ITC-GIP";0.483778772;0.497851313;90.12940175;4;3;11/21/2021 13:37;11/21/2021 13:37
210;11/21/2021 13:38;1;14;466913.00352066045;258372.9027902818;466914.3675018242;258372.84623332834;None;e7bc3d37-9cf8-4333-b829-2e299251f14f;0.111724497;262.7990186;317.0345764;3;"R2; 5834S09961: ITC-GIP";0.375925704;0.695170295;91.69925052;4;4;11/21/2021 13:38;11/21/2021 13:38
211;11/22/2021 11:53;0;16;466912.89725550567;258365.0820133853;466913.77449777006;258365.04575145338;None;bef1b440-2446-4a59-8187-880560c7bb8c;0.040603853;184.5721784;290.2051392;3;"R2; 5834S09961: ITC-GIP";0.672765443;1.645948861;93.87568819;4;4;11/22/2021 11:53;11/22/2021 11:53
212;11/22/2021 11:55;1;11;466913.0109038438;258359.84945025176;466913.70576395903;258359.84393962577;None;f7f933e7-27a4-4398-abc8-f5b8699d5630;0.04707632;254.0254284;305.5098877;3;"R2; 5834S09961: ITC-GIP";0.64033996;1.30852804;86.90199924;4;3;11/22/2021 11:54;11/22/2021 11:55
213;11/22/2021 11:56;0;21;466914.0559667641;258355.52876904543;466913.75933533465;258355.5314666187;None;fe7e0bd1-a6fc-411c-98ea-0c8bd63eb28c;0.143493157;356.5209806;301.8316956;3;"R2; 5834S09961: ITC-GIP";1.256210892;1.965282234;92.240668;4;4;11/22/2021 11:56;11/22/2021 11:56
214;11/22/2021 11:58;0;18;466910.85079603875;258348.5287775555;466913.84663842444;258348.5042514722;None;3c4bdc34-c6c5-4622-a976-223f1ace928a;0.124215495;142.3407369;289.8840637;3;"R2; 5834S09961: ITC-GIP";0.809983082;2.748756078;84.7422119;4;4;11/22/2021 11:58;11/22/2021 11:58
215;11/22/2021 12:00;0;13;466913.61224552867;258342.02823477233;466913.8427570001;258342.02166729711;None;17fed016-ea71-4894-9ba6-f34a3e2458f8;0.047012816;119.1508493;306.045166;3;"R2; 5834S09961: ITC-GIP";0.34834686;0.976215728;87.58655095;4;4;11/22/2021 11:59;11/22/2021 12:00
216;11/22/2021 12:02;1;15;466913.5276540542;258325.58191490022;466913.1180501465;258325.59434293397;None;79e4d7ec-d241-47cf-abf1-d46fe3e8e711;0.153176239;311.1542517;282.2089233;3;"R2; 5834S09961: ITC-GIP";0.930730686;1.912338787;97.51335111;4;3;11/22/2021 12:02;11/22/2021 12:02
217;11/22/2021 12:03;0;11;466910.7135661982;258317.95933221403;466912.77855611127;258317.89842146751;None;3d268392-a8d5-4be7-a95e-15fc189b2e28;0.089941476;158.0539509;305.5031433;3;"R2; 5834S09961: ITC-GIP";0.75514958;1.284005448;88.84323514;4;4;11/22/2021 12:03;11/22/2021 12:03
218;11/22/2021 12:05;1;17;466912.9381128245;258312.60391366133;466912.6407808102;258312.6067020027;None;1651ebba-2b2e-463c-bd36-2a4541d1c48d;0.059591797;82.72018195;301.1997986;3;"R2; 5834S09961: ITC-GIP";0.645005291;0.855790872;83.98747815;4;4;11/22/2021 12:05;11/22/2021 12:05
219;11/22/2021 12:07;0;20;466915.16719144967;258309.29054340028;466912.6785380379;258309.31224029872;None;e29b4286-2efe-4059-b711-c781e790991e;0.024200626;340.5682138;316.0823364;3;"R2; 5834S09961: ITC-GIP";0.544075743;0.794839114;89.98989152;4;4;11/22/2021 12:07;11/22/2021 12:07
220;11/22/2021 12:08;1;7;466912.04699730314;258298.78264354233;466912.7993021878;258298.77639108276;None;01efd48f-b683-4c37-9731-e4e2e9adf215;0.0394907;47.37004905;312.7572632;3;"R2; 5834S09961: ITC-GIP";0.669719687;1.157954516;86.74277051;4;3;11/22/2021 12:08;11/22/2021 12:08
221;11/22/2021 12:09;1;8;466911.07878489967;258295.52854646585;466912.836705048;258295.5136424777;None;d391351e-2c3a-4e8d-9467-81dbf9bdba6f;0.156420149;327.4915405;313.0574951;3;"R2; 5834S09961: ITC-GIP";0.757405333;1.275766002;92.42184114;4;3;11/22/2021 12:09;11/22/2021 12:09
222;11/22/2021 12:11;1;10;466908.0881687705;258290.33448214078;466912.89655359305;258290.29328809277;None;c22a9c7b-2268-4ea2-bf9e-961ca240f68f;0.112669254;220.4041868;302.0276489;3;"R2; 5834S09961: ITC-GIP";0.911517273;1.133006338;91.0124421;4;3;11/22/2021 12:10;11/22/2021 12:11
223;11/22/2021 12:12;1;4;466909.45562756713;258286.2068062339;466912.8999726353;258286.08192516564;None;00a0c81e-9e04-40e5-9a8f-04c293ac1298;0.064622623;145.7549296;309.8372192;3;"R2; 5834S09961: ITC-GIP";0.798652677;1.197888266;95.00745665;4;4;11/22/2021 12:11;11/22/2021 12:12
224;11/22/2021 12:14;0;22;466910.1431748635;258279.1909006867;466912.46812827;258279.1066916241;None;33afdfad-1097-4070-b132-ff7c86dc8ccf;0.05103727;74.91067476;304.4732361;3;"R2; 5834S09961: ITC-GIP";2.346545917;2.73071778;90.92570463;4;4;11/22/2021 12:13;11/22/2021 12:14
225;11/22/2021 12:17;1;7;466910.42573833046;258279.61451589497;466912.49493034865;258279.5396085898;None;aa5dc89c-0d73-4a8c-96ab-19272ee5595f;0.048599095;349.0899819;300.6748047;3;"R2; 5834S09961: ITC-GIP";1.58674299;2.28564874;93.28172992;4;3;11/22/2021 12:16;11/22/2021 12:17
226;11/22/2021 12:19;0;18;466912.0514735463;258274.20200250595;466912.1642430695;258274.19818365487;None;e234924d-2792-4552-8065-22daff4caa9f;0.028598589;307.5895033;291.7608032;3;"R2; 5834S09961: ITC-GIP";1.126110798;1.184002622;89.99596851;4;3;11/22/2021 12:18;11/22/2021 12:19
227;11/22/2021 12:20;1;9;466911.8246938251;258272.71618605097;466912.0816960765;258272.7130280923;None;9add831e-2caa-418a-a5cb-380d85a6c4ed;0.013186857;136.5930009;309.7059631;3;"R2; 5834S09961: ITC-GIP";0.861944655;1.25955809;87.94801175;4;4;11/22/2021 12:19;11/22/2021 12:20
228;11/22/2021 12:21;1;12;466911.7730063977;258261.14804176398;466912.16134143615;258261.15651097157;None;bd00f7c1-cd21-435b-9509-0af010155516;0.032612929;318.008661;308.6149597;3;"R2; 5834S09961: ITC-GIP";0.78512147;0.653399078;90.13510621;4;4;11/22/2021 12:21;11/22/2021 12:21
229;11/22/2021 12:23;1;12;466912.9078188382;258254.50463023444;466912.7633827908;258254.50176304503;None;6b2b6b0d-e713-4a0f-b4a6-2517ade3b3d6;0.034292315;334.0145557;334.5932007;3;"R2; 5834S09961: ITC-GIP";0.695618755;1.083605784;94.42619374;4;3;11/22/2021 12:22;11/22/2021 12:23
230;11/22/2021 12:25;1;12;466910.9051955813;258252.5530146872;466912.9250944493;258252.71427782672;None;0b5cf018-ae82-4cf4-b74a-9ccdd9a00452;0.123532025;115.8091657;340.5061035;3;"R2; 5834S09961: ITC-GIP";0.809843278;1.07758234;88.8074018;4;4;11/22/2021 12:23;11/22/2021 12:25
231;11/23/2021 7:51;1;14;467025.1524205656;258576.17949646164;467025.1800533086;258576.15297076438;None;1413462d-6587-4583-9d5c-bf587a402afc;0.041602712;181.5105477;337.9515076;3;"R2; 5834S09961: ITC-GIP";1.079230582;1.233304805;85.14141331;4;4;11/23/2021 7:51;11/23/2021 7:51
232;11/23/2021 7:52;1;13;467022.8849519276;258573.39124769074;467021.4901560629;258574.8102138963;None;1721487c-9507-4c09-8f4b-e654f45e5e5c;0.139734064;180.1425855;135.0627899;3;"R2; 5834S09961: ITC-GIP";1.347209357;1.681509885;90.7959558;4;4;11/23/2021 7:52;11/23/2021 7:52
233;11/23/2021 7:54;1;13;467016.0914078307;258568.4198577836;467012.8856001723;258571.6789996216;None;7f6f818a-794a-467b-9aae-3c65710a4c73;0.187809616;129.9160524;146.5171661;3;"R2; 5834S09961: ITC-GIP";1.019739777;0.733066127;87.06558234;4;4;11/23/2021 7:54;11/23/2021 7:54
234;11/23/2021 7:55;1;12;467011.9455503404;258567.0762550609;467007.8931919392;258569.01233744295;None;9475785f-9d9c-4cf9-97f3-8fcb8bfbd4c8;0.096194818;15.86294255;126.8620987;3;"R2; 5834S09961: ITC-GIP";0.926469048;1.453315153;85.82450278;4;4;11/23/2021 7:55;11/23/2021 7:55
235;11/23/2021 7:56;1;12;467008.10635969136;258564.0085736148;467004.0594567362;258565.94211031892;None;f473c553-311c-47eb-870a-5a99beb7be30;0.084823799;297.9273398;130.1539612;3;"R2; 5834S09961: ITC-GIP";1.959066084;1.785450232;92.0089469;4;4;11/23/2021 7:56;11/23/2021 7:56
236;11/23/2021 7:58;1;14;467002.82274487405;258560.3567829189;466999.2291949229;258562.0738108755;None;780988b1-553b-496c-8b0a-d8621aab152c;0.043469312;343.6518582;150.4345398;3;"R2; 5834S09961: ITC-GIP";0.893737944;0.811418204;91.46563661;4;4;11/23/2021 7:58;11/23/2021 7:58
237;11/23/2021 7:59;1;16;466996.5978856666;258557.30526037322;466994.51688128547;258558.29996006397;None;6059cc8b-7b26-4615-882f-a70b817efde9;0.055104303;59.46298587;140.8424683;3;"R2; 5834S09961: ITC-GIP";0.459550199;0.777946819;91.19804004;4;4;11/23/2021 7:59;11/23/2021 7:59
238;11/23/2021 8:00;1;14;466992.46345481765;258554.7501419541;466990.654066857;258555.82779836448;None;d4a52aa0-d779-4db0-bbec-803a2a6ed9b9;0.078030852;15.78015489;148.9752197;3;"R2; 5834S09961: ITC-GIP";0.764338632;2.261869741;90.50843268;4;4;11/23/2021 7:59;11/23/2021 8:00
239;11/23/2021 8:02;1;12;466983.31928357616;258551.74417041833;466983.7957924518;258551.46166923922;None;50c36ee3-d41a-4075-8f1c-e1b9fdc35671;0.525781314;127.397213;160.9543457;3;"R2; 5834S09961: ITC-GIP";0.487567672;0.836627794;87.23168566;4;3;11/23/2021 8:01;11/23/2021 8:02
240;11/23/2021 8:02;1;16;466981.1998291929;258546.6606749397;466978.644443132;258548.18219653115;None;e999f890-5883-46b7-a0d8-bc20301d927b;0.165022246;345.7956008;158.7868347;3;"R2; 5834S09961: ITC-GIP";0.542853817;1.046960496;90.09399964;4;3;11/23/2021 8:02;11/23/2021 8:02
241;11/23/2021 8:03;1;13;466977.53172042134;258541.81679456742;466973.88009970693;258542.72599263059;None;2a4e4303-3ced-4572-8e38-2a9174bf9e65;0.085515551;97.92698341;159.0557556;3;"R2; 5834S09961: ITC-GIP";0.592486108;1.433003817;94.23802689;4;3;11/23/2021 8:03;11/23/2021 8:03
242;11/23/2021 8:04;0;19;466972.2999350124;258538.03021178808;466971.13329945;258538.40936809801;None;c5cd6dd2-5726-465e-8141-b6bc57f571a8;0.107249962;305.4073918;149.2698212;3;"R2; 5834S09961: ITC-GIP";0.942794665;0.790116067;87.71156599;4;3;11/23/2021 8:04;11/23/2021 8:04
243;11/23/2021 8:05;1;14;466969.2889987885;258532.4684732653;466966.84691071516;258533.2614840236;None;74d94ec1-93c5-416e-bd30-e862a5a6c1cc;0.042581848;6.533488591;154.480896;3;"R2; 5834S09961: ITC-GIP";1.010888128;1.091430578;95.61707167;4;4;11/23/2021 8:05;11/23/2021 8:05
244;11/23/2021 8:06;1;13;466964.2013727953;258530.3640297994;466964.38524918735;258530.30506105864;None;3cc98d0d-4c07-4590-b32b-b719e1916bf1;0.037338874;1.091429507;159.1798859;3;"R2; 5834S09961: ITC-GIP";0.555478926;1.133297055;90.82572503;4;4;11/23/2021 8:06;11/23/2021 8:06
245;11/23/2021 8:07;1;15;466962.2491288168;258524.70617007354;466960.42021136824;258525.24697154592;None;379e01d4-500c-4db6-bad3-fa0d512142c5;0.155070632;193.6366428;156.3950043;3;"R2; 5834S09961: ITC-GIP";0.340283748;0.51378596;93.99500869;4;5;11/23/2021 8:07;11/23/2021 8:07
246;11/23/2021 8:08;1;13;466954.5453030336;258520.48226191383;466956.41197730554;258519.9316127311;None;177631b1-791b-4db8-98bc-489358f0b1ce;0.101479781;159.0170043;148.3411255;3;"R2; 5834S09961: ITC-GIP";0.614989471;1.09331542;89.1474212;4;4;11/23/2021 8:08;11/23/2021 8:08
247;11/23/2021 8:08;1;12;466948.8160942951;258513.23856324411;466950.9010407966;258512.62347883824;None;60ce3637-8db4-4218-a955-1236d7e76799;0.083764244;321.3853197;161.9363861;3;"R2; 5834S09961: ITC-GIP";0.546887068;0.583267987;92.54205927;4;4;11/23/2021 8:08;11/23/2021 8:08
248;11/23/2021 8:10;1;14;466946.0047111903;258512.16178271838;466949.7248718218;258511.06373990292;None;61ea27c8-9e3c-4891-8b76-410fcf53bd11;0.034125318;55.41610147;159.9261932;3;"R2; 5834S09961: ITC-GIP";0.694002889;1.25353053;87.56272422;4;3;11/23/2021 8:10;11/23/2021 8:10
249;11/23/2021 8:11;1;12;466942.86486820754;258506.81595671183;466945.37662038166;258505.97483615926;None;f7250f25-de70-4c36-b083-83053ebebf25;0.102131652;19.31272517;180.9410248;3;"R2; 5834S09961: ITC-GIP";1.101663627;1.224285099;88.45294068;4;3;11/23/2021 8:11;11/23/2021 8:11
250;11/23/2021 8:12;1;12;466941.38818926027;258504.0471447612;466943.19461165887;258503.44237351447;None;359b9b38-a89a-4aee-a709-86b736ce3a0f;0.090307143;129.6490703;175.8820953;3;"R2; 5834S09961: ITC-GIP";0.703640602;0.820691951;83.27447269;4;4;11/23/2021 8:12;11/23/2021 8:12
251;11/23/2021 8:12;0;18;466939.84238681186;258500.1046022812;466940.21244980843;258499.98123851325;None;fe36d079-47c2-4e6e-90f1-b6149578d5b7;0.035259606;174.5747327;173.589447;3;"R2; 5834S09961: ITC-GIP";0.527977283;0.549126741;85.5943212;4;5;11/23/2021 8:12;11/23/2021 8:12
252;11/23/2021 8:13;1;14;466935.87937098194;258495.2053678343;466936.88954808307;258495.0453892866;None;850d3cb3-ca12-434e-aad0-adef24ffee50;0.005921981;304.6709791;181.6871643;3;"R2; 5834S09961: ITC-GIP";0.470688307;0.801548522;88.94842915;4;3;11/23/2021 8:13;11/23/2021 8:13
253;11/23/2021 8:14;1;11;466935.21717695345;258490.0314725986;466934.9618692879;258490.07246171028;None;0e2eb208-f192-417a-abd3-84d7e77ae1bc;0.054105095;329.5652675;175.5420685;3;"R2; 5834S09961: ITC-GIP";0.650981062;1.100985288;88.98893552;4;4;11/23/2021 8:14;11/23/2021 8:14
254;11/23/2021 8:14;1;10;466931.42044765997;258484.83293646824;466932.843435487;258484.60741483764;None;a59f40ed-a7ed-459d-9df4-71159074dc55;0.198012324;63.69709625;189.3091431;3;"R2; 5834S09961: ITC-GIP";0.525458418;1.24684918;91.19052028;4;3;11/23/2021 8:14;11/23/2021 8:14
255;11/23/2021 8:15;1;7;466931.2557254857;258482.4297057846;466931.9563281889;258482.31888656004;None;ef5eeee7-cb77-41ac-bddc-98a062314ea4;0.067811475;142.7668954;209.9429626;3;"R2; 5834S09961: ITC-GIP";0.341139888;0.525771609;87.95211293;4;4;11/23/2021 8:15;11/23/2021 8:15
256;11/23/2021 8:16;1;12;466927.6187746388;258474.27246990945;466927.9361263097;258474.20863550022;None;4a9e18fb-ac38-4aea-95ff-a44d86409cd2;0.054743705;234.1796487;181.8981171;3;"R2; 5834S09961: ITC-GIP";0.739286605;0.837339128;88.61002116;4;3;11/23/2021 8:16;11/23/2021 8:16
257;11/23/2021 8:17;1;10;466925.0517747352;258469.4419936376;466925.4841548986;258469.35483592626;None;46ea9e7f-94f2-47b7-8f25-698b82219c3c;0.075535214;95.3460699;203.400238;3;"R2; 5834S09961: ITC-GIP";0.665274875;0.818128737;87.95112854;4;4;11/23/2021 8:17;11/23/2021 8:17
258;11/23/2021 8:17;1;13;466923.275466872;258463.14142176672;466923.235341334;258463.14734903252;None;42c0a1e8-f2e6-4bcb-a00b-892555ae130c;0.023038298;157.8139289;206.5536957;3;"R2; 5834S09961: ITC-GIP";0.230394988;0.392123411;86.27655483;4;4;11/23/2021 8:17;11/23/2021 8:17
259;11/23/2021 8:18;1;11;466923.8199985301;258457.23588644032;466921.388318356;258457.5710790765;None;faac15ce-443a-491d-8831-458f02f438c4;0.121234005;357.9741417;200.6744843;3;"R2; 5834S09961: ITC-GIP";0.372232545;0.789887057;88.73953434;4;4;11/23/2021 8:18;11/23/2021 8:18
260;11/23/2021 8:19;1;16;466922.0774467363;258452.12794990843;466919.6942187078;258452.45647331455;None;3f9bd445-599b-42b3-a1f3-c5911a4e948a;0.120852022;253.5132769;207.1438446;3;"R2; 5834S09961: ITC-GIP";0.285834664;0.465073359;89.55190359;4;3;11/23/2021 8:19;11/23/2021 8:19
261;11/23/2021 8:20;1;9;466921.1048153878;258445.72543592117;466918.5432002976;258445.7701746461;None;d50503fa-6432-4093-8517-509608249d97;0.174229378;148.1043225;198.4997253;3;"R2; 5834S09961: ITC-GIP";0.329794898;0.461118097;86.33224333;4;3;11/23/2021 8:19;11/23/2021 8:20
262;11/23/2021 8:21;1;16;466920.0421860284;258439.4926061101;466918.4705012158;258439.5201493273;None;3fd75583-5bb5-4e55-81fa-7a7149124321;0.130063205;354.3901873;209.5393372;3;"R2; 5834S09961: ITC-GIP";0.314395975;0.752466753;86.98091609;4;3;11/23/2021 8:21;11/23/2021 8:21
263;11/23/2021 8:22;1;15;466918.9895498988;258434.8080488588;466918.4158150333;258434.8182679477;None;59c5b825-032f-43af-84cb-5d26c719676a;0.037425861;110.9104639;219.1396332;3;"R2; 5834S09961: ITC-GIP";0.455913753;0.8663207;90.46821365;4;3;11/23/2021 8:21;11/23/2021 8:22
264;11/23/2021 8:22;1;16;466917.94479901495;258429.58977831824;466918.2230272168;258429.58076592392;None;fb5b108c-a924-4e76-a4db-923457c58f54;0.088619611;56.28035526;240.5234528;3;"R2; 5834S09961: ITC-GIP";0.380762964;0.829173978;88.06757201;4;5;11/23/2021 8:22;11/23/2021 8:22
265;11/23/2021 8:23;1;10;466917.98859314044;258422.77629804105;466917.85607847944;258422.78098552185;None;a025fbb5-b4b7-4cba-8741-005f1f24d031;0.083678214;15.25493843;224.4893646;3;"R2; 5834S09961: ITC-GIP";0.276389648;0.856377146;87.24956561;4;3;11/23/2021 8:23;11/23/2021 8:23
266;11/23/2021 8:24;1;16;466918.41585091245;258417.1138958455;466917.5518321218;258417.1429861792;None;ae33d393-5dfd-42a5-86fa-152cdc53ebb8;0.030280004;110.0121554;233.0194244;3;"R2; 5834S09961: ITC-GIP";0.484485936;1.107517212;87.75158494;4;3;11/23/2021 8:24;11/23/2021 8:24
267;11/23/2021 8:25;1;11;466917.3894040281;258409.9990583639;466917.1667451411;258410.00675547114;None;2852a1e9-923b-4eda-bc5b-f7d636b5e55c;0.042005622;45.37947711;240.2861786;3;"R2; 5834S09961: ITC-GIP";0.319994006;0.568725983;88.26195138;4;4;11/23/2021 8:24;11/23/2021 8:25
268;11/23/2021 8:26;1;9;466917.77785842353;258405.24970725077;466916.83400658716;258405.2893311239;Veel zwammen in diepe kerf onderste 3 meter;e080fc05-73d9-488d-af64-0b8c9118ff4b;0.083780031;322.7074693;197.6901703;3;"R2; 5834S09961: ITC-GIP";0.53810317;0.549992984;87.54226107;4;3;11/23/2021 8:25;11/23/2021 8:26
269;11/23/2021 8:27;1;14;466917.8661829528;258398.22355064424;466916.30178777076;258398.28904515444;None;b1881db6-6ae7-4ee2-afd2-2b78af821876;0.07694274;317.5803524;95.39997101;3;"R2; 5834S09961: ITC-GIP";0.419149444;0.837228837;89.19586006;4;4;11/23/2021 8:27;11/23/2021 8:27
270;11/23/2021 8:28;1;13;466915.60859005054;258394.08249711382;466915.9808177857;258394.0672563308;None;74168b97-f768-4d69-9865-55989b8e0614;0.160241889;62.85573651;163.0686035;3;"R2; 5834S09961: ITC-GIP";0.781304142;0.698187431;86.23221786;4;3;11/23/2021 8:28;11/23/2021 8:28
271;11/23/2021 8:29;1;12;466914.020033462;258388.1389167346;466915.52536151727;258388.07645788055;None;0829c3e2-36a3-43a0-9001-3e7d9e712f84;0.048791859;184.5143057;222.4471588;3;"R2; 5834S09961: ITC-GIP";0.964690432;1.128378966;89.7776755;4;4;11/23/2021 8:29;11/23/2021 8:29
272;11/23/2021 8:30;1;16;466914.7184057075;258380.74497326015;466914.967221687;258380.73489038303;None;71fb508d-f2ca-49a3-a72d-2df2521d2f06;0.047270792;289.8481757;241.3321075;3;"R2; 5834S09961: ITC-GIP";0.717040382;0.614650764;90.3344105;4;4;11/23/2021 8:30;11/23/2021 8:30
273;11/23/2021 8:32;1;17;466917.6926988017;258372.39223805253;466914.34362277057;258372.5321270827;None;604c6d2a-5f0f-4537-9751-f209514c9697;0.056396295;106.4414376;208.668869;3;"R2; 5834S09961: ITC-GIP";2.096424012;2.271568584;95.28881653;4;3;11/23/2021 8:32;11/23/2021 8:32
